Workbook

Sheet 인덱스
A1: =TEXT($K$1,"yyyy")&"년 1월~"&MONTH($K$1)&"월 월차 결산서 [ ㈜ 창현 ]" | J1: 결산기준일 | K1: 46234 | L1: (이 날짜만 바꾸면 아래 목록 및 재무상태표(내역)/전월대비증감/매출액대비 비율분석 시트의 기간 문구가 자동으로 바뀝니다)
K2: 46267
A3: I N D E X
A5: NO | B5: 구분
A6: 1 | B6: 핵심지표 요약
A7: 2 | B7: ="재무상태표 ["&TEXT($K$1,"yyyy")&"년"&TEXT(MONTH($K$1),"00")&"월"&TEXT(DAY($K$1),"00")&"일"&" 현재]"
A8: 3 | B8: ="손익계산서(매출액대비 비율분석) ["&TEXT(DATE(YEAR($K$1),1,1),"yyyy")&"년"&TEXT(MONTH(DATE(YEAR($K$1),1,1)),"00")&"월"&TEXT(DAY(DATE(YEAR($K$1),1,1)),"00")&"일"&" 부터 "&TEXT($K$1,"yyyy")&"년"&TEXT(MONTH($K$1),"00")&"월"&TEXT(DAY($K$1),"00")&"일"&" 까지]"
A9: 4 | B9: ="손익계산서(전월대비 증감) ["&TEXT(EOMONTH($K$1,-2)+1,"yyyy")&"년"&TEXT(MONTH(EOMONTH($K$1,-2)+1),"00")&"월"&TEXT(DAY(EOMONTH($K$1,-2)+1),"00")&"일"&" 부터 "&TEXT($K$1,"yyyy")&"년"&TEXT(MONTH($K$1),"00")&"월"&TEXT(DAY($K$1),"00")&"일"&" 까지]"
A10: 5 | B10: ="기간별손익계산서 ["&TEXT(DATE(YEAR($K$1),1,1),"yyyy")&"년"&TEXT(MONTH(DATE(YEAR($K$1),1,1)),"00")&"월"&TEXT(DAY(DATE(YEAR($K$1),1,1)),"00")&"일"&" 부터 "&TEXT($K$1,"yyyy")&"년"&TEXT(MONTH($K$1),"00")&"월"&TEXT(DAY($K$1),"00")&"일"&" 까지]"
A11: 6 | B11: =TEXT($K$1,"yyyy")&"년 차량별 비용현황[연간누계/월별/당월상세]"
A12: 7 | B12: =TEXT($K$1,"yyyy")&"년 운송비 개인별 비용"
D15: 결재 | E15: 담당 | F15: 이사 | G15: 임원 | H15: 사장

Sheet 요약
A1: 핵심지표 요약
A2: =TEXT(인덱스!$K$1,"yyyy")&"년 1월 ~ "&MONTH(인덱스!$K$1)&"월 누적 기준 ( 기준일 : "&TEXT(인덱스!$K$1,"yyyy")&"년"&TEXT(MONTH(인덱스!$K$1),"00")&"월"&TEXT(DAY(인덱스!$K$1),"00")&"일 )"
A4: ■ 손익 요약 (단위: 천원)
A5: 구분 | B5: ="전년동기 대비 ("&(YEAR(인덱스!$K$1)-1)&"년 1~"&MONTH(인덱스!$K$1)&"월)" | F5: 전기 대비 (2025년 연간)
B6: ="당기(1~"&MONTH(인덱스!$K$1)&"월)" | C6: ="전년동기(1~"&MONTH(인덱스!$K$1)&"월)" | D6: 증감액 | E6: 증감률 | F6: 전기(연간) | G6: 증감액 | H6: 증감률
A7: 매출액 | B7: ='매출액대비 비율분석'!C9 | C7: =IFERROR(INDEX('기간별손익계산서(전년동기)'!$B:$B,MATCH(SUBSTITUTE("Ⅰ . 매 출 액"," ","")&"|1",'기간별손익계산서(전년동기)'!$P:$P,0)),0) | D7: =B7-C7 | E7: =IFERROR(IF(C7=0,"",(B7-C7)/ABS(C7)),"") | F7: ='매출액대비 비율분석'!F9 | G7: =B7-F7 | H7: =IFERROR(IF(F7=0,"",(B7-F7)/ABS(F7)),"")
A8: 매출원가 | B8: ='매출액대비 비율분석'!C12 | C8: =IFERROR(INDEX('기간별손익계산서(전년동기)'!$B:$B,MATCH(SUBSTITUTE("Ⅱ . 매 출 원 가"," ","")&"|1",'기간별손익계산서(전년동기)'!$P:$P,0)),0) | D8: =B8-C8 | E8: =IFERROR(IF(C8=0,"",(B8-C8)/ABS(C8)),"") | F8: ='매출액대비 비율분석'!F12 | G8: =B8-F8 | H8: =IFERROR(IF(F8=0,"",(B8-F8)/ABS(F8)),"")
A9: 매출총이익 | B9: ='매출액대비 비율분석'!C18 | C9: =IFERROR(INDEX('기간별손익계산서(전년동기)'!$B:$B,MATCH(SUBSTITUTE("Ⅲ . 매 출 총 이 익"," ","")&"|1",'기간별손익계산서(전년동기)'!$P:$P,0)),0) | D9: =B9-C9 | E9: =IFERROR(IF(C9=0,"",(B9-C9)/ABS(C9)),"") | F9: ='매출액대비 비율분석'!F18 | G9: =B9-F9 | H9: =IFERROR(IF(F9=0,"",(B9-F9)/ABS(F9)),"")
A10: 판매관리비 | B10: ='매출액대비 비율분석'!C19 | C10: =IFERROR(INDEX('기간별손익계산서(전년동기)'!$B:$B,MATCH(SUBSTITUTE("Ⅳ . 판 매 관 리 비"," ","")&"|1",'기간별손익계산서(전년동기)'!$P:$P,0)),0) | D10: =B10-C10 | E10: =IFERROR(IF(C10=0,"",(B10-C10)/ABS(C10)),"") | F10: ='매출액대비 비율분석'!F19 | G10: =B10-F10 | H10: =IFERROR(IF(F10=0,"",(B10-F10)/ABS(F10)),"")
A11: 영업이익 | B11: ='매출액대비 비율분석'!C41 | C11: =IFERROR(INDEX('기간별손익계산서(전년동기)'!$B:$B,MATCH(SUBSTITUTE("Ⅴ . 영 업 이 익"," ","")&"|1",'기간별손익계산서(전년동기)'!$P:$P,0)),0) | D11: =B11-C11 | E11: =IFERROR(IF(C11=0,"",(B11-C11)/ABS(C11)),"") | F11: ='매출액대비 비율분석'!F41 | G11: =B11-F11 | H11: =IFERROR(IF(F11=0,"",(B11-F11)/ABS(F11)),"")
A12: 영업외수익 | B12: ='매출액대비 비율분석'!C42 | C12: =IFERROR(INDEX('기간별손익계산서(전년동기)'!$B:$B,MATCH(SUBSTITUTE("Ⅵ . 영 업 외 수 익"," ","")&"|1",'기간별손익계산서(전년동기)'!$P:$P,0)),0) | D12: =B12-C12 | E12: =IFERROR(IF(C12=0,"",(B12-C12)/ABS(C12)),"") | F12: ='매출액대비 비율분석'!F42 | G12: =B12-F12 | H12: =IFERROR(IF(F12=0,"",(B12-F12)/ABS(F12)),"")
A13: 영업외비용 | B13: ='매출액대비 비율분석'!C50 | C13: =IFERROR(INDEX('기간별손익계산서(전년동기)'!$B:$B,MATCH(SUBSTITUTE("Ⅶ . 영 업 외 비 용"," ","")&"|1",'기간별손익계산서(전년동기)'!$P:$P,0)),0) | D13: =B13-C13 | E13: =IFERROR(IF(C13=0,"",(B13-C13)/ABS(C13)),"") | F13: ='매출액대비 비율분석'!F50 | G13: =B13-F13 | H13: =IFERROR(IF(F13=0,"",(B13-F13)/ABS(F13)),"")
A14: 법인세차감전순이익 | B14: ='매출액대비 비율분석'!C58 | C14: =IFERROR(INDEX('기간별손익계산서(전년동기)'!$B:$B,MATCH(SUBSTITUTE("Ⅷ . 법인세비용차감전순이익"," ","")&"|1",'기간별손익계산서(전년동기)'!$P:$P,0)),0) | D14: =B14-C14 | E14: =IFERROR(IF(C14=0,"",(B14-C14)/ABS(C14)),"") | F14: ='매출액대비 비율분석'!F58 | G14: =B14-F14 | H14: =IFERROR(IF(F14=0,"",(B14-F14)/ABS(F14)),"")
A15: 법인세비용 | B15: ='매출액대비 비율분석'!C59 | C15: =IFERROR(INDEX('기간별손익계산서(전년동기)'!$B:$B,MATCH(SUBSTITUTE("Ⅸ . 법 인 세 비 용"," ","")&"|1",'기간별손익계산서(전년동기)'!$P:$P,0)),0) | D15: =B15-C15 | E15: =IFERROR(IF(C15=0,"",(B15-C15)/ABS(C15)),"") | F15: ='매출액대비 비율분석'!F59 | G15: =B15-F15 | H15: =IFERROR(IF(F15=0,"",(B15-F15)/ABS(F15)),"")
A16: 당기순이익 | B16: ='매출액대비 비율분석'!C61 | C16: =IFERROR(INDEX('기간별손익계산서(전년동기)'!$B:$B,MATCH(SUBSTITUTE("Ⅹ . 당 기 순 이 익"," ","")&"|1",'기간별손익계산서(전년동기)'!$P:$P,0)),0) | D16: =B16-C16 | E16: =IFERROR(IF(C16=0,"",(B16-C16)/ABS(C16)),"") | F16: ='매출액대비 비율분석'!F61 | G16: =B16-F16 | H16: =IFERROR(IF(F16=0,"",(B16-F16)/ABS(F16)),"")
A17: 영업이익률(매출액대비) | B17: =IFERROR(B11/B7,"") | C17: =IFERROR(C11/C7,"") | F17: =IFERROR(F11/F7,"")
A18: 당기순이익률(매출액대비) | B18: =IFERROR(B16/B7,"") | C18: =IFERROR(C16/C7,"") | F18: =IFERROR(F16/F7,"")
A20: ■ 재무상태 요약 (단위: 천원)
A21: 구분 | B21: 당기 | C21: 전기 | D21: 증감액 | E21: 증감률
A22: 자산총계 | B22: =('재무상태표(내역)'!C50)+0 | C22: =('재무상태표(내역)'!F50)+0 | D22: =B22-C22 | E22: =IFERROR(IF(C22=0,"",(B22-C22)/ABS(C22)),"")
A23: 부채총계 | B23: =('재무상태표(내역)'!C65)+0 | C23: =('재무상태표(내역)'!F65)+0 | D23: =B23-C23 | E23: =IFERROR(IF(C23=0,"",(B23-C23)/ABS(C23)),"")
A24: 자본총계 | B24: =('재무상태표(내역)'!C79)+0 | C24: =('재무상태표(내역)'!F79)+0 | D24: =B24-C24 | E24: =IFERROR(IF(C24=0,"",(B24-C24)/ABS(C24)),"")
A25: 부채비율(부채/자본) | B25: =IFERROR(B23/B24,"") | C25: =IFERROR(C23/C24,"")
A27: ■ 월별 추이 (매출액 · 영업이익) (단위: 천원)
A28: 월 | B28: 매출액 | C28: 영업이익
A29: =IFERROR(MONTH(DATE(YEAR(인덱스!$K$1),1,1))&"월","") | B29: =IF(1<=MONTH(인덱스!$K$1),INDEX(기간별손익계산서!$C:$N,2,1),NA()) | C29: =IF(1<=MONTH(인덱스!$K$1),INDEX(기간별손익계산서!$C:$N,30,1),NA())
A30: =IFERROR(MONTH(DATE(YEAR(인덱스!$K$1),2,1))&"월","") | B30: =IF(2<=MONTH(인덱스!$K$1),INDEX(기간별손익계산서!$C:$N,2,2),NA()) | C30: =IF(2<=MONTH(인덱스!$K$1),INDEX(기간별손익계산서!$C:$N,30,2),NA())
A31: =IFERROR(MONTH(DATE(YEAR(인덱스!$K$1),3,1))&"월","") | B31: =IF(3<=MONTH(인덱스!$K$1),INDEX(기간별손익계산서!$C:$N,2,3),NA()) | C31: =IF(3<=MONTH(인덱스!$K$1),INDEX(기간별손익계산서!$C:$N,30,3),NA())
A32: =IFERROR(MONTH(DATE(YEAR(인덱스!$K$1),4,1))&"월","") | B32: =IF(4<=MONTH(인덱스!$K$1),INDEX(기간별손익계산서!$C:$N,2,4),NA()) | C32: =IF(4<=MONTH(인덱스!$K$1),INDEX(기간별손익계산서!$C:$N,30,4),NA())
A33: =IFERROR(MONTH(DATE(YEAR(인덱스!$K$1),5,1))&"월","") | B33: =IF(5<=MONTH(인덱스!$K$1),INDEX(기간별손익계산서!$C:$N,2,5),NA()) | C33: =IF(5<=MONTH(인덱스!$K$1),INDEX(기간별손익계산서!$C:$N,30,5),NA())
A34: =IFERROR(MONTH(DATE(YEAR(인덱스!$K$1),6,1))&"월","") | B34: =IF(6<=MONTH(인덱스!$K$1),INDEX(기간별손익계산서!$C:$N,2,6),NA()) | C34: =IF(6<=MONTH(인덱스!$K$1),INDEX(기간별손익계산서!$C:$N,30,6),NA())
A35: =IFERROR(MONTH(DATE(YEAR(인덱스!$K$1),7,1))&"월","") | B35: =IF(7<=MONTH(인덱스!$K$1),INDEX(기간별손익계산서!$C:$N,2,7),NA()) | C35: =IF(7<=MONTH(인덱스!$K$1),INDEX(기간별손익계산서!$C:$N,30,7),NA())
A36: =IFERROR(MONTH(DATE(YEAR(인덱스!$K$1),8,1))&"월","") | B36: =IF(8<=MONTH(인덱스!$K$1),INDEX(기간별손익계산서!$C:$N,2,8),NA()) | C36: =IF(8<=MONTH(인덱스!$K$1),INDEX(기간별손익계산서!$C:$N,30,8),NA())
A37: =IFERROR(MONTH(DATE(YEAR(인덱스!$K$1),9,1))&"월","") | B37: =IF(9<=MONTH(인덱스!$K$1),INDEX(기간별손익계산서!$C:$N,2,9),NA()) | C37: =IF(9<=MONTH(인덱스!$K$1),INDEX(기간별손익계산서!$C:$N,30,9),NA())
A38: =IFERROR(MONTH(DATE(YEAR(인덱스!$K$1),10,1))&"월","") | B38: =IF(10<=MONTH(인덱스!$K$1),INDEX(기간별손익계산서!$C:$N,2,10),NA()) | C38: =IF(10<=MONTH(인덱스!$K$1),INDEX(기간별손익계산서!$C:$N,30,10),NA())
A39: =IFERROR(MONTH(DATE(YEAR(인덱스!$K$1),11,1))&"월","") | B39: =IF(11<=MONTH(인덱스!$K$1),INDEX(기간별손익계산서!$C:$N,2,11),NA()) | C39: =IF(11<=MONTH(인덱스!$K$1),INDEX(기간별손익계산서!$C:$N,30,11),NA())
A40: =IFERROR(MONTH(DATE(YEAR(인덱스!$K$1),12,1))&"월","") | B40: =IF(12<=MONTH(인덱스!$K$1),INDEX(기간별손익계산서!$C:$N,2,12),NA()) | C40: =IF(12<=MONTH(인덱스!$K$1),INDEX(기간별손익계산서!$C:$N,30,12),NA())
A41: 총계 | B41: =_xlfn.AGGREGATE(9,6,B29:B40) | C41: =_xlfn.AGGREGATE(9,6,C29:C40)
A69: 특이사항 : 전년동기(1~7월) 영업외비용에 법인세추납액 3,800만원 포함(업무용승용차 비용 불인정 법인세 납부액)

Sheet 재무상태표(내역)
A1: 재 무 상 태 표
I2: =IF(ROUND(C50,0)=ROUND(C80,0),"대차검증(당기): 일치","대차검증(당기): 불일치 ⚠")
A3: ="(당기) "&TEXT(DATE(YEAR(인덱스!$K$1),1,1),"yyyy")&"년"&TEXT(MONTH(DATE(YEAR(인덱스!$K$1),1,1)),"00")&"월"&TEXT(DAY(DATE(YEAR(인덱스!$K$1),1,1)),"00")&"일"&" - "&TEXT(인덱스!$K$1,"yyyy")&"년"&TEXT(MONTH(인덱스!$K$1),"00")&"월"&TEXT(DAY(인덱스!$K$1),"00")&"일" | I3: =IF(ROUND(F50,0)=ROUND(F80,0),"대차검증(전기): 일치","대차검증(전기): 불일치 ⚠")
A4: ="(전기) "&TEXT(DATE(YEAR(인덱스!$K$1)-1,1,1),"yyyy")&"년"&TEXT(MONTH(DATE(YEAR(인덱스!$K$1)-1,1,1)),"00")&"월"&TEXT(DAY(DATE(YEAR(인덱스!$K$1)-1,1,1)),"00")&"일"&" - "&TEXT(DATE(YEAR(인덱스!$K$1)-1,12,31),"yyyy")&"년"&TEXT(MONTH(DATE(YEAR(인덱스!$K$1)-1,12,31)),"00")&"월"&TEXT(DAY(DATE(YEAR(인덱스!$K$1)-1,12,31)),"00")&"일"
A6: ㈜창현 | G6: 단위 : 원
A7: 과 목 | B7: 제 35 (당)기 | D7: 내역 | E7: 제 34 (전)기 | G7: 증감 | J7: 일치확인 | K7: 증감률
B8: 금 액 | E8: 금 액
A9: 자 산 | H9: =SUBSTITUTE(A9," ","") | I9: =H9&"|"&COUNTIF($H$9:H9,H9) | J9: =IF($A9="","",IF(ISNUMBER(MATCH($I9,재무상태표!$G:$G,0)),"✓ 일치","⚠ 확인필요")) | K9: =IFERROR(IF(F9=0,"",(C9-F9)/ABS(F9)),"")
A10: Ⅰ. 유 동 자 산 | B10: =IFERROR(INDEX(재무상태표!$B:$B,MATCH($I10,재무상태표!$G:$G,0)),0) | C10: =IFERROR(INDEX(재무상태표!$C:$C,MATCH($I10,재무상태표!$G:$G,0)),0) | E10: =IFERROR(INDEX(재무상태표!$D:$D,MATCH($I10,재무상태표!$G:$G,0)),0) | F10: =IFERROR(INDEX(재무상태표!$E:$E,MATCH($I10,재무상태표!$G:$G,0)),0) | G10: =C10-F10 | H10: =SUBSTITUTE(A10," ","") | I10: =H10&"|"&COUNTIF($H$9:H10,H10) | J10: =IF($A10="","",IF(ISNUMBER(MATCH($I10,재무상태표!$G:$G,0)),"✓ 일치","⚠ 확인필요")) | K10: =IFERROR(IF(F10=0,"",(C10-F10)/ABS(F10)),"")
A11: (1) 당 좌 자 산 | B11: =IFERROR(INDEX(재무상태표!$B:$B,MATCH($I11,재무상태표!$G:$G,0)),0) | C11: =IFERROR(INDEX(재무상태표!$C:$C,MATCH($I11,재무상태표!$G:$G,0)),0) | E11: =IFERROR(INDEX(재무상태표!$D:$D,MATCH($I11,재무상태표!$G:$G,0)),0) | F11: =IFERROR(INDEX(재무상태표!$E:$E,MATCH($I11,재무상태표!$G:$G,0)),0) | G11: =C11-F11 | H11: =SUBSTITUTE(A11," ","") | I11: =H11&"|"&COUNTIF($H$9:H11,H11) | J11: =IF($A11="","",IF(ISNUMBER(MATCH($I11,재무상태표!$G:$G,0)),"✓ 일치","⚠ 확인필요")) | K11: =IFERROR(IF(F11=0,"",(C11-F11)/ABS(F11)),"")
A12: 현 금 | B12: =IFERROR(INDEX(재무상태표!$B:$B,MATCH($I12,재무상태표!$G:$G,0)),0) | C12: =IFERROR(INDEX(재무상태표!$C:$C,MATCH($I12,재무상태표!$G:$G,0)),0) | E12: =IFERROR(INDEX(재무상태표!$D:$D,MATCH($I12,재무상태표!$G:$G,0)),0) | F12: =IFERROR(INDEX(재무상태표!$E:$E,MATCH($I12,재무상태표!$G:$G,0)),0) | G12: =C12-F12 | H12: =SUBSTITUTE(A12," ","") | I12: =H12&"|"&COUNTIF($H$9:H12,H12) | J12: =IF($A12="","",IF(ISNUMBER(MATCH($I12,재무상태표!$G:$G,0)),"✓ 일치","⚠ 확인필요")) | K12: =IFERROR(IF(F12=0,"",(C12-F12)/ABS(F12)),"")
A13: 보 통 예 금 | B13: =IFERROR(INDEX(재무상태표!$B:$B,MATCH($I13,재무상태표!$G:$G,0)),0) | C13: =IFERROR(INDEX(재무상태표!$C:$C,MATCH($I13,재무상태표!$G:$G,0)),0) | E13: =IFERROR(INDEX(재무상태표!$D:$D,MATCH($I13,재무상태표!$G:$G,0)),0) | F13: =IFERROR(INDEX(재무상태표!$E:$E,MATCH($I13,재무상태표!$G:$G,0)),0) | G13: =C13-F13 | H13: =SUBSTITUTE(A13," ","") | I13: =H13&"|"&COUNTIF($H$9:H13,H13) | J13: =IF($A13="","",IF(ISNUMBER(MATCH($I13,재무상태표!$G:$G,0)),"✓ 일치","⚠ 확인필요")) | K13: =IFERROR(IF(F13=0,"",(C13-F13)/ABS(F13)),"")
A14: 단 기 금 융 상 품 | B14: =IFERROR(INDEX(재무상태표!$B:$B,MATCH($I14,재무상태표!$G:$G,0)),0) | C14: =IFERROR(INDEX(재무상태표!$C:$C,MATCH($I14,재무상태표!$G:$G,0)),0) | E14: =IFERROR(INDEX(재무상태표!$D:$D,MATCH($I14,재무상태표!$G:$G,0)),0) | F14: =IFERROR(INDEX(재무상태표!$E:$E,MATCH($I14,재무상태표!$G:$G,0)),0) | G14: =C14-F14 | H14: =SUBSTITUTE(A14," ","") | I14: =H14&"|"&COUNTIF($H$9:H14,H14) | J14: =IF($A14="","",IF(ISNUMBER(MATCH($I14,재무상태표!$G:$G,0)),"✓ 일치","⚠ 확인필요")) | K14: =IFERROR(IF(F14=0,"",(C14-F14)/ABS(F14)),"")
A15: 외 화 보 통 예 금 | B15: =IFERROR(INDEX(재무상태표!$B:$B,MATCH($I15,재무상태표!$G:$G,0)),0) | C15: =IFERROR(INDEX(재무상태표!$C:$C,MATCH($I15,재무상태표!$G:$G,0)),0) | E15: =IFERROR(INDEX(재무상태표!$D:$D,MATCH($I15,재무상태표!$G:$G,0)),0) | F15: =IFERROR(INDEX(재무상태표!$E:$E,MATCH($I15,재무상태표!$G:$G,0)),0) | G15: =C15-F15 | H15: =SUBSTITUTE(A15," ","") | I15: =H15&"|"&COUNTIF($H$9:H15,H15) | J15: =IF($A15="","",IF(ISNUMBER(MATCH($I15,재무상태표!$G:$G,0)),"✓ 일치","⚠ 확인필요")) | K15: =IFERROR(IF(F15=0,"",(C15-F15)/ABS(F15)),"")
A16: 외 상 매 출 금 | B16: =IFERROR(INDEX(재무상태표!$B:$B,MATCH($I16,재무상태표!$G:$G,0)),0) | C16: =IFERROR(INDEX(재무상태표!$C:$C,MATCH($I16,재무상태표!$G:$G,0)),0) | E16: =IFERROR(INDEX(재무상태표!$D:$D,MATCH($I16,재무상태표!$G:$G,0)),0) | F16: =IFERROR(INDEX(재무상태표!$E:$E,MATCH($I16,재무상태표!$G:$G,0)),0) | G16: =B16-E16 | H16: =SUBSTITUTE(A16," ","") | I16: =H16&"|"&COUNTIF($H$9:H16,H16) | J16: =IF($A16="","",IF(ISNUMBER(MATCH($I16,재무상태표!$G:$G,0)),"✓ 일치","⚠ 확인필요")) | K16: =IFERROR(IF(F16=0,"",(C16-F16)/ABS(F16)),"")
A17: 대 손 충 당 금 | B17: =IFERROR(INDEX(재무상태표!$B:$B,MATCH($I17,재무상태표!$G:$G,0)),0) | C17: =IFERROR(INDEX(재무상태표!$C:$C,MATCH($I17,재무상태표!$G:$G,0)),0) | E17: =IFERROR(INDEX(재무상태표!$D:$D,MATCH($I17,재무상태표!$G:$G,0)),0) | F17: =IFERROR(INDEX(재무상태표!$E:$E,MATCH($I17,재무상태표!$G:$G,0)),0) | G17: =C17-F17 | H17: =SUBSTITUTE(A17," ","") | I17: =H17&"|"&COUNTIF($H$9:H17,H17) | J17: =IF($A17="","",IF(ISNUMBER(MATCH($I17,재무상태표!$G:$G,0)),"✓ 일치","⚠ 확인필요")) | K17: =IFERROR(IF(F17=0,"",(C17-F17)/ABS(F17)),"")
A18: 받 을 어 음 | B18: =IFERROR(INDEX(재무상태표!$B:$B,MATCH($I18,재무상태표!$G:$G,0)),0) | C18: =IFERROR(INDEX(재무상태표!$C:$C,MATCH($I18,재무상태표!$G:$G,0)),0) | E18: =IFERROR(INDEX(재무상태표!$D:$D,MATCH($I18,재무상태표!$G:$G,0)),0) | F18: =IFERROR(INDEX(재무상태표!$E:$E,MATCH($I18,재무상태표!$G:$G,0)),0) | G18: =C18-F18 | H18: =SUBSTITUTE(A18," ","") | I18: =H18&"|"&COUNTIF($H$9:H18,H18) | J18: =IF($A18="","",IF(ISNUMBER(MATCH($I18,재무상태표!$G:$G,0)),"✓ 일치","⚠ 확인필요")) | K18: =IFERROR(IF(F18=0,"",(C18-F18)/ABS(F18)),"")
A19: 대 손 충 당 금 | B19: =IFERROR(INDEX(재무상태표!$B:$B,MATCH($I19,재무상태표!$G:$G,0)),0) | C19: =IFERROR(INDEX(재무상태표!$C:$C,MATCH($I19,재무상태표!$G:$G,0)),0) | E19: =IFERROR(INDEX(재무상태표!$D:$D,MATCH($I19,재무상태표!$G:$G,0)),0) | F19: =IFERROR(INDEX(재무상태표!$E:$E,MATCH($I19,재무상태표!$G:$G,0)),0) | G19: =C19-F19 | H19: =SUBSTITUTE(A19," ","") | I19: =H19&"|"&COUNTIF($H$9:H19,H19) | J19: =IF($A19="","",IF(ISNUMBER(MATCH($I19,재무상태표!$G:$G,0)),"✓ 일치","⚠ 확인필요")) | K19: =IFERROR(IF(F19=0,"",(C19-F19)/ABS(F19)),"")
A20: 단 기 대 여 금 | B20: =IFERROR(INDEX(재무상태표!$B:$B,MATCH($I20,재무상태표!$G:$G,0)),0) | C20: =IFERROR(INDEX(재무상태표!$C:$C,MATCH($I20,재무상태표!$G:$G,0)),0) | E20: =IFERROR(INDEX(재무상태표!$D:$D,MATCH($I20,재무상태표!$G:$G,0)),0) | F20: =IFERROR(INDEX(재무상태표!$E:$E,MATCH($I20,재무상태표!$G:$G,0)),0) | G20: =C20-F20 | H20: =SUBSTITUTE(A20," ","") | I20: =H20&"|"&COUNTIF($H$9:H20,H20) | J20: =IF($A20="","",IF(ISNUMBER(MATCH($I20,재무상태표!$G:$G,0)),"✓ 일치","⚠ 확인필요")) | K20: =IFERROR(IF(F20=0,"",(C20-F20)/ABS(F20)),"")
A21: 미 수 수 익 | B21: =IFERROR(INDEX(재무상태표!$B:$B,MATCH($I21,재무상태표!$G:$G,0)),0) | C21: =IFERROR(INDEX(재무상태표!$C:$C,MATCH($I21,재무상태표!$G:$G,0)),0) | D21: 단기채권외 | E21: =IFERROR(INDEX(재무상태표!$D:$D,MATCH($I21,재무상태표!$G:$G,0)),0) | F21: =IFERROR(INDEX(재무상태표!$E:$E,MATCH($I21,재무상태표!$G:$G,0)),0) | G21: =C21-F21 | H21: =SUBSTITUTE(A21," ","") | I21: =H21&"|"&COUNTIF($H$9:H21,H21) | J21: =IF($A21="","",IF(ISNUMBER(MATCH($I21,재무상태표!$G:$G,0)),"✓ 일치","⚠ 확인필요")) | K21: =IFERROR(IF(F21=0,"",(C21-F21)/ABS(F21)),"")
A22: 미 수 금 | B22: =IFERROR(INDEX(재무상태표!$B:$B,MATCH($I22,재무상태표!$G:$G,0)),0) | C22: =IFERROR(INDEX(재무상태표!$C:$C,MATCH($I22,재무상태표!$G:$G,0)),0) | D22: 카드, 구매카드(KnS리테일) | E22: =IFERROR(INDEX(재무상태표!$D:$D,MATCH($I22,재무상태표!$G:$G,0)),0) | F22: =IFERROR(INDEX(재무상태표!$E:$E,MATCH($I22,재무상태표!$G:$G,0)),0) | G22: =C22-F22 | H22: =SUBSTITUTE(A22," ","") | I22: =H22&"|"&COUNTIF($H$9:H22,H22) | J22: =IF($A22="","",IF(ISNUMBER(MATCH($I22,재무상태표!$G:$G,0)),"✓ 일치","⚠ 확인필요")) | K22: =IFERROR(IF(F22=0,"",(C22-F22)/ABS(F22)),"")
A23: 선 급 금 | B23: =IFERROR(INDEX(재무상태표!$B:$B,MATCH($I23,재무상태표!$G:$G,0)),0) | C23: =IFERROR(INDEX(재무상태표!$C:$C,MATCH($I23,재무상태표!$G:$G,0)),0) | D23: 안현주유소(1백만) | E23: =IFERROR(INDEX(재무상태표!$D:$D,MATCH($I23,재무상태표!$G:$G,0)),0) | F23: =IFERROR(INDEX(재무상태표!$E:$E,MATCH($I23,재무상태표!$G:$G,0)),0) | G23: =C23-F23 | H23: =SUBSTITUTE(A23," ","") | I23: =H23&"|"&COUNTIF($H$9:H23,H23) | J23: =IF($A23="","",IF(ISNUMBER(MATCH($I23,재무상태표!$G:$G,0)),"✓ 일치","⚠ 확인필요")) | K23: =IFERROR(IF(F23=0,"",(C23-F23)/ABS(F23)),"")
A24: 선 급 비 용 | B24: =IFERROR(INDEX(재무상태표!$B:$B,MATCH($I24,재무상태표!$G:$G,0)),0) | C24: =IFERROR(INDEX(재무상태표!$C:$C,MATCH($I24,재무상태표!$G:$G,0)),0) | D24: KB,DB손해보험,삼성화재 | E24: =IFERROR(INDEX(재무상태표!$D:$D,MATCH($I24,재무상태표!$G:$G,0)),0) | F24: =IFERROR(INDEX(재무상태표!$E:$E,MATCH($I24,재무상태표!$G:$G,0)),0) | G24: =C24-F24 | H24: =SUBSTITUTE(A24," ","") | I24: =H24&"|"&COUNTIF($H$9:H24,H24) | J24: =IF($A24="","",IF(ISNUMBER(MATCH($I24,재무상태표!$G:$G,0)),"✓ 일치","⚠ 확인필요")) | K24: =IFERROR(IF(F24=0,"",(C24-F24)/ABS(F24)),"")
A25: 가 지 급 금 | B25: =IFERROR(INDEX(재무상태표!$B:$B,MATCH($I25,재무상태표!$G:$G,0)),0) | C25: =IFERROR(INDEX(재무상태표!$C:$C,MATCH($I25,재무상태표!$G:$G,0)),0) | D25: 단기대여 9억(윤인희), 차량과태료외 | E25: =IFERROR(INDEX(재무상태표!$D:$D,MATCH($I25,재무상태표!$G:$G,0)),0) | F25: =IFERROR(INDEX(재무상태표!$E:$E,MATCH($I25,재무상태표!$G:$G,0)),0) | G25: =C25-F25 | H25: =SUBSTITUTE(A25," ","") | I25: =H25&"|"&COUNTIF($H$9:H25,H25) | J25: =IF($A25="","",IF(ISNUMBER(MATCH($I25,재무상태표!$G:$G,0)),"✓ 일치","⚠ 확인필요")) | K25: =IFERROR(IF(F25=0,"",(C25-F25)/ABS(F25)),"")
A26: 부 가 세 대 급 금 | B26: =IFERROR(INDEX(재무상태표!$B:$B,MATCH($I26,재무상태표!$G:$G,0)),0) | C26: =IFERROR(INDEX(재무상태표!$C:$C,MATCH($I26,재무상태표!$G:$G,0)),0) | E26: =IFERROR(INDEX(재무상태표!$D:$D,MATCH($I26,재무상태표!$G:$G,0)),0) | F26: =IFERROR(INDEX(재무상태표!$E:$E,MATCH($I26,재무상태표!$G:$G,0)),0) | G26: =C26-F26 | H26: =SUBSTITUTE(A26," ","") | I26: =H26&"|"&COUNTIF($H$9:H26,H26) | J26: =IF($A26="","",IF(ISNUMBER(MATCH($I26,재무상태표!$G:$G,0)),"✓ 일치","⚠ 확인필요")) | K26: =IFERROR(IF(F26=0,"",(C26-F26)/ABS(F26)),"")
A27: 선 납 세 금 | B27: =IFERROR(INDEX(재무상태표!$B:$B,MATCH($I27,재무상태표!$G:$G,0)),0) | C27: =IFERROR(INDEX(재무상태표!$C:$C,MATCH($I27,재무상태표!$G:$G,0)),0) | D27: 금융투자상품 이자소득세외 | E27: =IFERROR(INDEX(재무상태표!$D:$D,MATCH($I27,재무상태표!$G:$G,0)),0) | F27: =IFERROR(INDEX(재무상태표!$E:$E,MATCH($I27,재무상태표!$G:$G,0)),0) | G27: =C27-F27 | H27: =SUBSTITUTE(A27," ","") | I27: =H27&"|"&COUNTIF($H$9:H27,H27) | J27: =IF($A27="","",IF(ISNUMBER(MATCH($I27,재무상태표!$G:$G,0)),"✓ 일치","⚠ 확인필요")) | K27: =IFERROR(IF(F27=0,"",(C27-F27)/ABS(F27)),"")
A28: (2) 재 고 자 산 | B28: =IFERROR(INDEX(재무상태표!$B:$B,MATCH($I28,재무상태표!$G:$G,0)),0) | C28: =IFERROR(INDEX(재무상태표!$C:$C,MATCH($I28,재무상태표!$G:$G,0)),0) | E28: =IFERROR(INDEX(재무상태표!$D:$D,MATCH($I28,재무상태표!$G:$G,0)),0) | F28: =IFERROR(INDEX(재무상태표!$E:$E,MATCH($I28,재무상태표!$G:$G,0)),0) | G28: =C28-F28 | H28: =SUBSTITUTE(A28," ","") | I28: =H28&"|"&COUNTIF($H$9:H28,H28) | J28: =IF($A28="","",IF(ISNUMBER(MATCH($I28,재무상태표!$G:$G,0)),"✓ 일치","⚠ 확인필요")) | K28: =IFERROR(IF(F28=0,"",(C28-F28)/ABS(F28)),"")
A29: 상 품 | B29: =IFERROR(INDEX(재무상태표!$B:$B,MATCH($I29,재무상태표!$G:$G,0)),0) | C29: =IFERROR(INDEX(재무상태표!$C:$C,MATCH($I29,재무상태표!$G:$G,0)),0) | E29: =IFERROR(INDEX(재무상태표!$D:$D,MATCH($I29,재무상태표!$G:$G,0)),0) | F29: =IFERROR(INDEX(재무상태표!$E:$E,MATCH($I29,재무상태표!$G:$G,0)),0) | G29: =C29-F29 | H29: =SUBSTITUTE(A29," ","") | I29: =H29&"|"&COUNTIF($H$9:H29,H29) | J29: =IF($A29="","",IF(ISNUMBER(MATCH($I29,재무상태표!$G:$G,0)),"✓ 일치","⚠ 확인필요")) | K29: =IFERROR(IF(F29=0,"",(C29-F29)/ABS(F29)),"")
A30: Ⅱ. 비 유 동 자 산 | B30: =IFERROR(INDEX(재무상태표!$B:$B,MATCH($I30,재무상태표!$G:$G,0)),0) | C30: =IFERROR(INDEX(재무상태표!$C:$C,MATCH($I30,재무상태표!$G:$G,0)),0) | E30: =IFERROR(INDEX(재무상태표!$D:$D,MATCH($I30,재무상태표!$G:$G,0)),0) | F30: =IFERROR(INDEX(재무상태표!$E:$E,MATCH($I30,재무상태표!$G:$G,0)),0) | G30: =C30-F30 | H30: =SUBSTITUTE(A30," ","") | I30: =H30&"|"&COUNTIF($H$9:H30,H30) | J30: =IF($A30="","",IF(ISNUMBER(MATCH($I30,재무상태표!$G:$G,0)),"✓ 일치","⚠ 확인필요")) | K30: =IFERROR(IF(F30=0,"",(C30-F30)/ABS(F30)),"")
A31: (1) 투 자 자 산 | B31: =IFERROR(INDEX(재무상태표!$B:$B,MATCH($I31,재무상태표!$G:$G,0)),0) | C31: =IFERROR(INDEX(재무상태표!$C:$C,MATCH($I31,재무상태표!$G:$G,0)),0) | E31: =IFERROR(INDEX(재무상태표!$D:$D,MATCH($I31,재무상태표!$G:$G,0)),0) | F31: =IFERROR(INDEX(재무상태표!$E:$E,MATCH($I31,재무상태표!$G:$G,0)),0) | G31: =C31-F31 | H31: =SUBSTITUTE(A31," ","") | I31: =H31&"|"&COUNTIF($H$9:H31,H31) | J31: =IF($A31="","",IF(ISNUMBER(MATCH($I31,재무상태표!$G:$G,0)),"✓ 일치","⚠ 확인필요")) | K31: =IFERROR(IF(F31=0,"",(C31-F31)/ABS(F31)),"")
A32: 매 도 가 능 증 권 | B32: =IFERROR(INDEX(재무상태표!$B:$B,MATCH($I32,재무상태표!$G:$G,0)),0) | C32: =IFERROR(INDEX(재무상태표!$C:$C,MATCH($I32,재무상태표!$G:$G,0)),0) | E32: =IFERROR(INDEX(재무상태표!$D:$D,MATCH($I32,재무상태표!$G:$G,0)),0) | F32: =IFERROR(INDEX(재무상태표!$E:$E,MATCH($I32,재무상태표!$G:$G,0)),0) | G32: =C32-F32 | H32: =SUBSTITUTE(A32," ","") | I32: =H32&"|"&COUNTIF($H$9:H32,H32) | J32: =IF($A32="","",IF(ISNUMBER(MATCH($I32,재무상태표!$G:$G,0)),"✓ 일치","⚠ 확인필요")) | K32: =IFERROR(IF(F32=0,"",(C32-F32)/ABS(F32)),"")
A33: (2) 유 형 자 산 | B33: =IFERROR(INDEX(재무상태표!$B:$B,MATCH($I33,재무상태표!$G:$G,0)),0) | C33: =IFERROR(INDEX(재무상태표!$C:$C,MATCH($I33,재무상태표!$G:$G,0)),0) | E33: =IFERROR(INDEX(재무상태표!$D:$D,MATCH($I33,재무상태표!$G:$G,0)),0) | F33: =IFERROR(INDEX(재무상태표!$E:$E,MATCH($I33,재무상태표!$G:$G,0)),0) | G33: =C33-F33 | H33: =SUBSTITUTE(A33," ","") | I33: =H33&"|"&COUNTIF($H$9:H33,H33) | J33: =IF($A33="","",IF(ISNUMBER(MATCH($I33,재무상태표!$G:$G,0)),"✓ 일치","⚠ 확인필요")) | K33: =IFERROR(IF(F33=0,"",(C33-F33)/ABS(F33)),"")
A34: 토 지 | B34: =IFERROR(INDEX(재무상태표!$B:$B,MATCH($I34,재무상태표!$G:$G,0)),0) | C34: =IFERROR(INDEX(재무상태표!$C:$C,MATCH($I34,재무상태표!$G:$G,0)),0) | E34: =IFERROR(INDEX(재무상태표!$D:$D,MATCH($I34,재무상태표!$G:$G,0)),0) | F34: =IFERROR(INDEX(재무상태표!$E:$E,MATCH($I34,재무상태표!$G:$G,0)),0) | G34: =C34-F34 | H34: =SUBSTITUTE(A34," ","") | I34: =H34&"|"&COUNTIF($H$9:H34,H34) | J34: =IF($A34="","",IF(ISNUMBER(MATCH($I34,재무상태표!$G:$G,0)),"✓ 일치","⚠ 확인필요")) | K34: =IFERROR(IF(F34=0,"",(C34-F34)/ABS(F34)),"")
A35: 건 물 | B35: =IFERROR(INDEX(재무상태표!$B:$B,MATCH($I35,재무상태표!$G:$G,0)),0) | C35: =IFERROR(INDEX(재무상태표!$C:$C,MATCH($I35,재무상태표!$G:$G,0)),0) | E35: =IFERROR(INDEX(재무상태표!$D:$D,MATCH($I35,재무상태표!$G:$G,0)),0) | F35: =IFERROR(INDEX(재무상태표!$E:$E,MATCH($I35,재무상태표!$G:$G,0)),0) | G35: =C35-F35 | H35: =SUBSTITUTE(A35," ","") | I35: =H35&"|"&COUNTIF($H$9:H35,H35) | J35: =IF($A35="","",IF(ISNUMBER(MATCH($I35,재무상태표!$G:$G,0)),"✓ 일치","⚠ 확인필요")) | K35: =IFERROR(IF(F35=0,"",(C35-F35)/ABS(F35)),"")
A36: 감가 상각 누 계 액 | B36: =IFERROR(INDEX(재무상태표!$B:$B,MATCH($I36,재무상태표!$G:$G,0)),0) | C36: =IFERROR(INDEX(재무상태표!$C:$C,MATCH($I36,재무상태표!$G:$G,0)),0) | E36: =IFERROR(INDEX(재무상태표!$D:$D,MATCH($I36,재무상태표!$G:$G,0)),0) | F36: =IFERROR(INDEX(재무상태표!$E:$E,MATCH($I36,재무상태표!$G:$G,0)),0) | G36: =C36-F36 | H36: =SUBSTITUTE(A36," ","") | I36: =H36&"|"&COUNTIF($H$9:H36,H36) | J36: =IF($A36="","",IF(ISNUMBER(MATCH($I36,재무상태표!$G:$G,0)),"✓ 일치","⚠ 확인필요")) | K36: =IFERROR(IF(F36=0,"",(C36-F36)/ABS(F36)),"")
A37: 기 계 장 치 | B37: =IFERROR(INDEX(재무상태표!$B:$B,MATCH($I37,재무상태표!$G:$G,0)),0) | C37: =IFERROR(INDEX(재무상태표!$C:$C,MATCH($I37,재무상태표!$G:$G,0)),0) | E37: =IFERROR(INDEX(재무상태표!$D:$D,MATCH($I37,재무상태표!$G:$G,0)),0) | F37: =IFERROR(INDEX(재무상태표!$E:$E,MATCH($I37,재무상태표!$G:$G,0)),0) | G37: =C37-F37 | H37: =SUBSTITUTE(A37," ","") | I37: =H37&"|"&COUNTIF($H$9:H37,H37) | J37: =IF($A37="","",IF(ISNUMBER(MATCH($I37,재무상태표!$G:$G,0)),"✓ 일치","⚠ 확인필요")) | K37: =IFERROR(IF(F37=0,"",(C37-F37)/ABS(F37)),"")
A38: 감가 상각 누 계 액 | B38: =IFERROR(INDEX(재무상태표!$B:$B,MATCH($I38,재무상태표!$G:$G,0)),0) | C38: =IFERROR(INDEX(재무상태표!$C:$C,MATCH($I38,재무상태표!$G:$G,0)),0) | E38: =IFERROR(INDEX(재무상태표!$D:$D,MATCH($I38,재무상태표!$G:$G,0)),0) | F38: =IFERROR(INDEX(재무상태표!$E:$E,MATCH($I38,재무상태표!$G:$G,0)),0) | G38: =C38-F38 | H38: =SUBSTITUTE(A38," ","") | I38: =H38&"|"&COUNTIF($H$9:H38,H38) | J38: =IF($A38="","",IF(ISNUMBER(MATCH($I38,재무상태표!$G:$G,0)),"✓ 일치","⚠ 확인필요")) | K38: =IFERROR(IF(F38=0,"",(C38-F38)/ABS(F38)),"")
A39: 차 량 운 반 구 | B39: =IFERROR(INDEX(재무상태표!$B:$B,MATCH($I39,재무상태표!$G:$G,0)),0) | C39: =IFERROR(INDEX(재무상태표!$C:$C,MATCH($I39,재무상태표!$G:$G,0)),0) | E39: =IFERROR(INDEX(재무상태표!$D:$D,MATCH($I39,재무상태표!$G:$G,0)),0) | F39: =IFERROR(INDEX(재무상태표!$E:$E,MATCH($I39,재무상태표!$G:$G,0)),0) | G39: =C39-F39 | H39: =SUBSTITUTE(A39," ","") | I39: =H39&"|"&COUNTIF($H$9:H39,H39) | J39: =IF($A39="","",IF(ISNUMBER(MATCH($I39,재무상태표!$G:$G,0)),"✓ 일치","⚠ 확인필요")) | K39: =IFERROR(IF(F39=0,"",(C39-F39)/ABS(F39)),"")
... A46: 대 손 충 당 금 | B46: =IFERROR(INDEX(재무상태표!$B:$B,MATCH($I46,재무상태표!$G:$G,0)),0) | C46: =IFERROR(INDEX(재무상태표!$C:$C,MATCH($I46,재무상태표!$G:$G,0)),0) | E46: =IFERROR(INDEX(재무상태표!$D:$D,MATCH($I46,재무상태표!$G:$G,0)),0) | F46: =IFERROR(INDEX(재무상태표!$E:$E,MATCH($I46,재무상태표!$G:$G,0)),0) | G46: =C46-F46 | H46: =SUBSTITUTE(A46," ","") | I46: =H46&"|"&COUNTIF($H$9:H46,H46) | J46: =IF($A46="","",IF(ISNUMBER(MATCH($I46,재무상태표!$G:$G,0)),"✓ 일치","⚠ 확인필요")) | K46: =IFERROR(IF(F46=0,"",(C46-F46)/ABS(F46)),"")
A47: 임 차 보 증 금 | B47: =IFERROR(INDEX(재무상태표!$B:$B,MATCH($I47,재무상태표!$G:$G,0)),0) | C47: =IFERROR(INDEX(재무상태표!$C:$C,MATCH($I47,재무상태표!$G:$G,0)),0) | D47: 강북 6천,강서 4.5천,영남 3천,본사 5백만 | E47: =IFERROR(INDEX(재무상태표!$D:$D,MATCH($I47,재무상태표!$G:$G,0)),0) | F47: =IFERROR(INDEX(재무상태표!$E:$E,MATCH($I47,재무상태표!$G:$G,0)),0) | G47: =C47-F47 | H47: =SUBSTITUTE(A47," ","") | I47: =H47&"|"&COUNTIF($H$9:H47,H47) | J47: =IF($A47="","",IF(ISNUMBER(MATCH($I47,재무상태표!$G:$G,0)),"✓ 일치","⚠ 확인필요")) | K47: =IFERROR(IF(F47=0,"",(C47-F47)/ABS(F47)),"")
A48: 기 타 보 증 금 | B48: =IFERROR(INDEX(재무상태표!$B:$B,MATCH($I48,재무상태표!$G:$G,0)),0) | C48: =IFERROR(INDEX(재무상태표!$C:$C,MATCH($I48,재무상태표!$G:$G,0)),0) | D48: 리조트골프회원권(3건) 외 | E48: =IFERROR(INDEX(재무상태표!$D:$D,MATCH($I48,재무상태표!$G:$G,0)),0) | F48: =IFERROR(INDEX(재무상태표!$E:$E,MATCH($I48,재무상태표!$G:$G,0)),0) | G48: =C48-F48 | H48: =SUBSTITUTE(A48," ","") | I48: =H48&"|"&COUNTIF($H$9:H48,H48) | J48: =IF($A48="","",IF(ISNUMBER(MATCH($I48,재무상태표!$G:$G,0)),"✓ 일치","⚠ 확인필요")) | K48: =IFERROR(IF(F48=0,"",(C48-F48)/ABS(F48)),"")
A49: 전신 전화 가 입 권 | B49: =IFERROR(INDEX(재무상태표!$B:$B,MATCH($I49,재무상태표!$G:$G,0)),0) | C49: =IFERROR(INDEX(재무상태표!$C:$C,MATCH($I49,재무상태표!$G:$G,0)),0) | E49: =IFERROR(INDEX(재무상태표!$D:$D,MATCH($I49,재무상태표!$G:$G,0)),0) | F49: =IFERROR(INDEX(재무상태표!$E:$E,MATCH($I49,재무상태표!$G:$G,0)),0) | G49: =C49-F49 | H49: =SUBSTITUTE(A49," ","") | I49: =H49&"|"&COUNTIF($H$9:H49,H49) | J49: =IF($A49="","",IF(ISNUMBER(MATCH($I49,재무상태표!$G:$G,0)),"✓ 일치","⚠ 확인필요")) | K49: =IFERROR(IF(F49=0,"",(C49-F49)/ABS(F49)),"")
A50: 자 산 총 계 | B50: =IFERROR(INDEX(재무상태표!$B:$B,MATCH($I50,재무상태표!$G:$G,0)),0) | C50: =IFERROR(INDEX(재무상태표!$C:$C,MATCH($I50,재무상태표!$G:$G,0)),0) | E50: =IFERROR(INDEX(재무상태표!$D:$D,MATCH($I50,재무상태표!$G:$G,0)),0) | F50: =IFERROR(INDEX(재무상태표!$E:$E,MATCH($I50,재무상태표!$G:$G,0)),0) | G50: =C50-F50 | H50: =SUBSTITUTE(A50," ","") | I50: =H50&"|"&COUNTIF($H$9:H50,H50) | J50: =IF($A50="","",IF(ISNUMBER(MATCH($I50,재무상태표!$G:$G,0)),"✓ 일치","⚠ 확인필요")) | K50: =IFERROR(IF(F50=0,"",(C50-F50)/ABS(F50)),"")
A51: 부 채 | H51: =SUBSTITUTE(A51," ","") | I51: =H51&"|"&COUNTIF($H$9:H51,H51) | J51: =IF($A51="","",IF(ISNUMBER(MATCH($I51,재무상태표!$G:$G,0)),"✓ 일치","⚠ 확인필요")) | K51: =IFERROR(IF(F51=0,"",(C51-F51)/ABS(F51)),"")
A52: Ⅰ. 유 동 부 채 | B52: =IFERROR(INDEX(재무상태표!$B:$B,MATCH($I52,재무상태표!$G:$G,0)),0) | C52: =IFERROR(INDEX(재무상태표!$C:$C,MATCH($I52,재무상태표!$G:$G,0)),0) | E52: =IFERROR(INDEX(재무상태표!$D:$D,MATCH($I52,재무상태표!$G:$G,0)),0) | F52: =IFERROR(INDEX(재무상태표!$E:$E,MATCH($I52,재무상태표!$G:$G,0)),0) | G52: =C52-F52 | H52: =SUBSTITUTE(A52," ","") | I52: =H52&"|"&COUNTIF($H$9:H52,H52) | J52: =IF($A52="","",IF(ISNUMBER(MATCH($I52,재무상태표!$G:$G,0)),"✓ 일치","⚠ 확인필요")) | K52: =IFERROR(IF(F52=0,"",(C52-F52)/ABS(F52)),"")
A53: 외 상 매 입 금 | B53: =IFERROR(INDEX(재무상태표!$B:$B,MATCH($I53,재무상태표!$G:$G,0)),0) | C53: =IFERROR(INDEX(재무상태표!$C:$C,MATCH($I53,재무상태표!$G:$G,0)),0) | E53: =IFERROR(INDEX(재무상태표!$D:$D,MATCH($I53,재무상태표!$G:$G,0)),0) | F53: =IFERROR(INDEX(재무상태표!$E:$E,MATCH($I53,재무상태표!$G:$G,0)),0) | G53: =C53-F53 | H53: =SUBSTITUTE(A53," ","") | I53: =H53&"|"&COUNTIF($H$9:H53,H53) | J53: =IF($A53="","",IF(ISNUMBER(MATCH($I53,재무상태표!$G:$G,0)),"✓ 일치","⚠ 확인필요")) | K53: =IFERROR(IF(F53=0,"",(C53-F53)/ABS(F53)),"")
A54: 미 지 급 금 | B54: =IFERROR(INDEX(재무상태표!$B:$B,MATCH($I54,재무상태표!$G:$G,0)),0) | C54: =IFERROR(INDEX(재무상태표!$C:$C,MATCH($I54,재무상태표!$G:$G,0)),0) | E54: =IFERROR(INDEX(재무상태표!$D:$D,MATCH($I54,재무상태표!$G:$G,0)),0) | F54: =IFERROR(INDEX(재무상태표!$E:$E,MATCH($I54,재무상태표!$G:$G,0)),0) | G54: =C54-F54 | H54: =SUBSTITUTE(A54," ","") | I54: =H54&"|"&COUNTIF($H$9:H54,H54) | J54: =IF($A54="","",IF(ISNUMBER(MATCH($I54,재무상태표!$G:$G,0)),"✓ 일치","⚠ 확인필요")) | K54: =IFERROR(IF(F54=0,"",(C54-F54)/ABS(F54)),"")
A55: 예 수 금 | B55: =IFERROR(INDEX(재무상태표!$B:$B,MATCH($I55,재무상태표!$G:$G,0)),0) | C55: =IFERROR(INDEX(재무상태표!$C:$C,MATCH($I55,재무상태표!$G:$G,0)),0) | D55: 4대보험외 직원공제분 | E55: =IFERROR(INDEX(재무상태표!$D:$D,MATCH($I55,재무상태표!$G:$G,0)),0) | F55: =IFERROR(INDEX(재무상태표!$E:$E,MATCH($I55,재무상태표!$G:$G,0)),0) | G55: =C55-F55 | H55: =SUBSTITUTE(A55," ","") | I55: =H55&"|"&COUNTIF($H$9:H55,H55) | J55: =IF($A55="","",IF(ISNUMBER(MATCH($I55,재무상태표!$G:$G,0)),"✓ 일치","⚠ 확인필요")) | K55: =IFERROR(IF(F55=0,"",(C55-F55)/ABS(F55)),"")
A56: 부 가 세 예 수 금 | B56: =IFERROR(INDEX(재무상태표!$B:$B,MATCH($I56,재무상태표!$G:$G,0)),0) | C56: =IFERROR(INDEX(재무상태표!$C:$C,MATCH($I56,재무상태표!$G:$G,0)),0) | E56: =IFERROR(INDEX(재무상태표!$D:$D,MATCH($I56,재무상태표!$G:$G,0)),0) | F56: =IFERROR(INDEX(재무상태표!$E:$E,MATCH($I56,재무상태표!$G:$G,0)),0) | G56: =C56-F56 | H56: =SUBSTITUTE(A56," ","") | I56: =H56&"|"&COUNTIF($H$9:H56,H56) | J56: =IF($A56="","",IF(ISNUMBER(MATCH($I56,재무상태표!$G:$G,0)),"✓ 일치","⚠ 확인필요")) | K56: =IFERROR(IF(F56=0,"",(C56-F56)/ABS(F56)),"")
A57: 가 수 금 | B57: =IFERROR(INDEX(재무상태표!$B:$B,MATCH($I57,재무상태표!$G:$G,0)),0) | C57: =IFERROR(INDEX(재무상태표!$C:$C,MATCH($I57,재무상태표!$G:$G,0)),0) | D57: 한국엡손외(연말 결산시 반영) | E57: =IFERROR(INDEX(재무상태표!$D:$D,MATCH($I57,재무상태표!$G:$G,0)),0) | F57: =IFERROR(INDEX(재무상태표!$E:$E,MATCH($I57,재무상태표!$G:$G,0)),0) | G57: =C57-F57 | H57: =SUBSTITUTE(A57," ","") | I57: =H57&"|"&COUNTIF($H$9:H57,H57) | J57: =IF($A57="","",IF(ISNUMBER(MATCH($I57,재무상태표!$G:$G,0)),"✓ 일치","⚠ 확인필요")) | K57: =IFERROR(IF(F57=0,"",(C57-F57)/ABS(F57)),"")
A58: 선 수 금 | B58: =IFERROR(INDEX(재무상태표!$B:$B,MATCH($I58,재무상태표!$G:$G,0)),0) | C58: =IFERROR(INDEX(재무상태표!$C:$C,MATCH($I58,재무상태표!$G:$G,0)),0) | E58: =IFERROR(INDEX(재무상태표!$D:$D,MATCH($I58,재무상태표!$G:$G,0)),0) | F58: =IFERROR(INDEX(재무상태표!$E:$E,MATCH($I58,재무상태표!$G:$G,0)),0) | G58: =C58-F58 | H58: =SUBSTITUTE(A58," ","") | I58: =H58&"|"&COUNTIF($H$9:H58,H58) | J58: =IF($A58="","",IF(ISNUMBER(MATCH($I58,재무상태표!$G:$G,0)),"✓ 일치","⚠ 확인필요")) | K58: =IFERROR(IF(F58=0,"",(C58-F58)/ABS(F58)),"")
A59: 미 지 급 세 금 | B59: =IFERROR(INDEX(재무상태표!$B:$B,MATCH($I59,재무상태표!$G:$G,0)),0) | C59: =IFERROR(INDEX(재무상태표!$C:$C,MATCH($I59,재무상태표!$G:$G,0)),0) | E59: =IFERROR(INDEX(재무상태표!$D:$D,MATCH($I59,재무상태표!$G:$G,0)),0) | F59: =IFERROR(INDEX(재무상태표!$E:$E,MATCH($I59,재무상태표!$G:$G,0)),0) | G59: =C59-F59 | H59: =SUBSTITUTE(A59," ","") | I59: =H59&"|"&COUNTIF($H$9:H59,H59) | J59: =IF($A59="","",IF(ISNUMBER(MATCH($I59,재무상태표!$G:$G,0)),"✓ 일치","⚠ 확인필요")) | K59: =IFERROR(IF(F59=0,"",(C59-F59)/ABS(F59)),"")
A60: 미 지 급 비 용 | B60: =IFERROR(INDEX(재무상태표!$B:$B,MATCH($I60,재무상태표!$G:$G,0)),0) | C60: =IFERROR(INDEX(재무상태표!$C:$C,MATCH($I60,재무상태표!$G:$G,0)),0) | D60: 당해 급여외 미지급분 | E60: =IFERROR(INDEX(재무상태표!$D:$D,MATCH($I60,재무상태표!$G:$G,0)),0) | F60: =IFERROR(INDEX(재무상태표!$E:$E,MATCH($I60,재무상태표!$G:$G,0)),0) | G60: =C60-F60 | H60: =SUBSTITUTE(A60," ","") | I60: =H60&"|"&COUNTIF($H$9:H60,H60) | J60: =IF($A60="","",IF(ISNUMBER(MATCH($I60,재무상태표!$G:$G,0)),"✓ 일치","⚠ 확인필요")) | K60: =IFERROR(IF(F60=0,"",(C60-F60)/ABS(F60)),"")
A61: 미 지 급 배 당 금 | B61: =IFERROR(INDEX(재무상태표!$B:$B,MATCH($I61,재무상태표!$G:$G,0)),0) | C61: =IFERROR(INDEX(재무상태표!$C:$C,MATCH($I61,재무상태표!$G:$G,0)),0) | E61: =IFERROR(INDEX(재무상태표!$D:$D,MATCH($I61,재무상태표!$G:$G,0)),0) | F61: =IFERROR(INDEX(재무상태표!$E:$E,MATCH($I61,재무상태표!$G:$G,0)),0) | G61: =C61-F61 | H61: =SUBSTITUTE(A61," ","") | I61: =H61&"|"&COUNTIF($H$9:H61,H61) | J61: =IF($A61="","",IF(ISNUMBER(MATCH($I61,재무상태표!$G:$G,0)),"✓ 일치","⚠ 확인필요")) | K61: =IFERROR(IF(F61=0,"",(C61-F61)/ABS(F61)),"")
A62: Ⅱ. 비 유 동 부 채 | B62: =IFERROR(INDEX(재무상태표!$B:$B,MATCH($I62,재무상태표!$G:$G,0)),0) | C62: =IFERROR(INDEX(재무상태표!$C:$C,MATCH($I62,재무상태표!$G:$G,0)),0) | E62: =IFERROR(INDEX(재무상태표!$D:$D,MATCH($I62,재무상태표!$G:$G,0)),0) | F62: =IFERROR(INDEX(재무상태표!$E:$E,MATCH($I62,재무상태표!$G:$G,0)),0) | G62: =C62-F62 | H62: =SUBSTITUTE(A62," ","") | I62: =H62&"|"&COUNTIF($H$9:H62,H62) | J62: =IF($A62="","",IF(ISNUMBER(MATCH($I62,재무상태표!$G:$G,0)),"✓ 일치","⚠ 확인필요")) | K62: =IFERROR(IF(F62=0,"",(C62-F62)/ABS(F62)),"")
A63: 퇴직 급여 충 당 금 | B63: =IFERROR(INDEX(재무상태표!$B:$B,MATCH($I63,재무상태표!$G:$G,0)),0) | C63: =IFERROR(INDEX(재무상태표!$C:$C,MATCH($I63,재무상태표!$G:$G,0)),0) | E63: =IFERROR(INDEX(재무상태표!$D:$D,MATCH($I63,재무상태표!$G:$G,0)),0) | F63: =IFERROR(INDEX(재무상태표!$E:$E,MATCH($I63,재무상태표!$G:$G,0)),0) | G63: =C63-F63 | H63: =SUBSTITUTE(A63," ","") | I63: =H63&"|"&COUNTIF($H$9:H63,H63) | J63: =IF($A63="","",IF(ISNUMBER(MATCH($I63,재무상태표!$G:$G,0)),"✓ 일치","⚠ 확인필요")) | K63: =IFERROR(IF(F63=0,"",(C63-F63)/ABS(F63)),"")
A64: 국민 연금 전 환 금 | B64: =IFERROR(INDEX(재무상태표!$B:$B,MATCH($I64,재무상태표!$G:$G,0)),0) | C64: =IFERROR(INDEX(재무상태표!$C:$C,MATCH($I64,재무상태표!$G:$G,0)),0) | E64: =IFERROR(INDEX(재무상태표!$D:$D,MATCH($I64,재무상태표!$G:$G,0)),0) | F64: =IFERROR(INDEX(재무상태표!$E:$E,MATCH($I64,재무상태표!$G:$G,0)),0) | G64: =C64-F64 | H64: =SUBSTITUTE(A64," ","") | I64: =H64&"|"&COUNTIF($H$9:H64,H64) | J64: =IF($A64="","",IF(ISNUMBER(MATCH($I64,재무상태표!$G:$G,0)),"✓ 일치","⚠ 확인필요")) | K64: =IFERROR(IF(F64=0,"",(C64-F64)/ABS(F64)),"")
A65: 부 채 총 계 | B65: =IFERROR(INDEX(재무상태표!$B:$B,MATCH($I65,재무상태표!$G:$G,0)),0) | C65: =IFERROR(INDEX(재무상태표!$C:$C,MATCH($I65,재무상태표!$G:$G,0)),0) | E65: =IFERROR(INDEX(재무상태표!$D:$D,MATCH($I65,재무상태표!$G:$G,0)),0) | F65: =IFERROR(INDEX(재무상태표!$E:$E,MATCH($I65,재무상태표!$G:$G,0)),0) | G65: =C65-F65 | H65: =SUBSTITUTE(A65," ","") | I65: =H65&"|"&COUNTIF($H$9:H65,H65) | J65: =IF($A65="","",IF(ISNUMBER(MATCH($I65,재무상태표!$G:$G,0)),"✓ 일치","⚠ 확인필요")) | K65: =IFERROR(IF(F65=0,"",(C65-F65)/ABS(F65)),"")
A66: 자 본 | H66: =SUBSTITUTE(A66," ","") | I66: =H66&"|"&COUNTIF($H$9:H66,H66) | J66: =IF($A66="","",IF(ISNUMBER(MATCH($I66,재무상태표!$G:$G,0)),"✓ 일치","⚠ 확인필요")) | K66: =IFERROR(IF(F66=0,"",(C66-F66)/ABS(F66)),"")
A67: Ⅰ. 자 본 금 | B67: =IFERROR(INDEX(재무상태표!$B:$B,MATCH($I67,재무상태표!$G:$G,0)),0) | C67: =IFERROR(INDEX(재무상태표!$C:$C,MATCH($I67,재무상태표!$G:$G,0)),0) | E67: =IFERROR(INDEX(재무상태표!$D:$D,MATCH($I67,재무상태표!$G:$G,0)),0) | F67: =IFERROR(INDEX(재무상태표!$E:$E,MATCH($I67,재무상태표!$G:$G,0)),0) | G67: =C67-F67 | H67: =SUBSTITUTE(A67," ","") | I67: =H67&"|"&COUNTIF($H$9:H67,H67) | J67: =IF($A67="","",IF(ISNUMBER(MATCH($I67,재무상태표!$G:$G,0)),"✓ 일치","⚠ 확인필요")) | K67: =IFERROR(IF(F67=0,"",(C67-F67)/ABS(F67)),"")
A68: 자 본 금 | B68: =IFERROR(INDEX(재무상태표!$B:$B,MATCH($I68,재무상태표!$G:$G,0)),0) | C68: =IFERROR(INDEX(재무상태표!$C:$C,MATCH($I68,재무상태표!$G:$G,0)),0) | E68: =IFERROR(INDEX(재무상태표!$D:$D,MATCH($I68,재무상태표!$G:$G,0)),0) | F68: =IFERROR(INDEX(재무상태표!$E:$E,MATCH($I68,재무상태표!$G:$G,0)),0) | G68: =C68-F68 | H68: =SUBSTITUTE(A68," ","") | I68: =H68&"|"&COUNTIF($H$9:H68,H68) | J68: =IF($A68="","",IF(ISNUMBER(MATCH($I68,재무상태표!$G:$G,0)),"✓ 일치","⚠ 확인필요")) | K68: =IFERROR(IF(F68=0,"",(C68-F68)/ABS(F68)),"")
A69: Ⅱ. 자 본 잉 여 금 | B69: =IFERROR(INDEX(재무상태표!$B:$B,MATCH($I69,재무상태표!$G:$G,0)),0) | C69: =IFERROR(INDEX(재무상태표!$C:$C,MATCH($I69,재무상태표!$G:$G,0)),0) | E69: =IFERROR(INDEX(재무상태표!$D:$D,MATCH($I69,재무상태표!$G:$G,0)),0) | F69: =IFERROR(INDEX(재무상태표!$E:$E,MATCH($I69,재무상태표!$G:$G,0)),0) | G69: =C69-F69 | H69: =SUBSTITUTE(A69," ","") | I69: =H69&"|"&COUNTIF($H$9:H69,H69) | J69: =IF($A69="","",IF(ISNUMBER(MATCH($I69,재무상태표!$G:$G,0)),"✓ 일치","⚠ 확인필요")) | K69: =IFERROR(IF(F69=0,"",(C69-F69)/ABS(F69)),"")
A70: 주식 발행 초 과 금 | B70: =IFERROR(INDEX(재무상태표!$B:$B,MATCH($I70,재무상태표!$G:$G,0)),0) | C70: =IFERROR(INDEX(재무상태표!$C:$C,MATCH($I70,재무상태표!$G:$G,0)),0) | E70: =IFERROR(INDEX(재무상태표!$D:$D,MATCH($I70,재무상태표!$G:$G,0)),0) | F70: =IFERROR(INDEX(재무상태표!$E:$E,MATCH($I70,재무상태표!$G:$G,0)),0) | G70: =C70-F70 | H70: =SUBSTITUTE(A70," ","") | I70: =H70&"|"&COUNTIF($H$9:H70,H70) | J70: =IF($A70="","",IF(ISNUMBER(MATCH($I70,재무상태표!$G:$G,0)),"✓ 일치","⚠ 확인필요")) | K70: =IFERROR(IF(F70=0,"",(C70-F70)/ABS(F70)),"")
A71: Ⅲ. 자 본 조 정 | B71: =IFERROR(INDEX(재무상태표!$B:$B,MATCH($I71,재무상태표!$G:$G,0)),0) | C71: =IFERROR(INDEX(재무상태표!$C:$C,MATCH($I71,재무상태표!$G:$G,0)),0) | E71: =IFERROR(INDEX(재무상태표!$D:$D,MATCH($I71,재무상태표!$G:$G,0)),0) | F71: =IFERROR(INDEX(재무상태표!$E:$E,MATCH($I71,재무상태표!$G:$G,0)),0) | G71: =C71-F71 | H71: =SUBSTITUTE(A71," ","") | I71: =H71&"|"&COUNTIF($H$9:H71,H71) | J71: =IF($A71="","",IF(ISNUMBER(MATCH($I71,재무상태표!$G:$G,0)),"✓ 일치","⚠ 확인필요")) | K71: =IFERROR(IF(F71=0,"",(C71-F71)/ABS(F71)),"")
A72: Ⅳ. 기타포괄손익누계액 | B72: =IFERROR(INDEX(재무상태표!$B:$B,MATCH($I72,재무상태표!$G:$G,0)),0) | C72: =IFERROR(INDEX(재무상태표!$C:$C,MATCH($I72,재무상태표!$G:$G,0)),0) | E72: =IFERROR(INDEX(재무상태표!$D:$D,MATCH($I72,재무상태표!$G:$G,0)),0) | F72: =IFERROR(INDEX(재무상태표!$E:$E,MATCH($I72,재무상태표!$G:$G,0)),0) | G72: =C72-F72 | H72: =SUBSTITUTE(A72," ","") | I72: =H72&"|"&COUNTIF($H$9:H72,H72) | J72: =IF($A72="","",IF(ISNUMBER(MATCH($I72,재무상태표!$G:$G,0)),"✓ 일치","⚠ 확인필요")) | K72: =IFERROR(IF(F72=0,"",(C72-F72)/ABS(F72)),"")
A73: Ⅴ. 이 익 잉 여 금 | B73: =IFERROR(INDEX(재무상태표!$B:$B,MATCH($I73,재무상태표!$G:$G,0)),0) | C73: =IFERROR(INDEX(재무상태표!$C:$C,MATCH($I73,재무상태표!$G:$G,0)),0) | E73: =IFERROR(INDEX(재무상태표!$D:$D,MATCH($I73,재무상태표!$G:$G,0)),0) | F73: =IFERROR(INDEX(재무상태표!$E:$E,MATCH($I73,재무상태표!$G:$G,0)),0) | G73: =C73-F73 | H73: =SUBSTITUTE(A73," ","") | I73: =H73&"|"&COUNTIF($H$9:H73,H73) | J73: =IF($A73="","",IF(ISNUMBER(MATCH($I73,재무상태표!$G:$G,0)),"✓ 일치","⚠ 확인필요")) | K73: =IFERROR(IF(F73=0,"",(C73-F73)/ABS(F73)),"")
A74: 이 익 준 비 금 | B74: =IFERROR(INDEX(재무상태표!$B:$B,MATCH($I74,재무상태표!$G:$G,0)),0) | C74: =IFERROR(INDEX(재무상태표!$C:$C,MATCH($I74,재무상태표!$G:$G,0)),0) | E74: =IFERROR(INDEX(재무상태표!$D:$D,MATCH($I74,재무상태표!$G:$G,0)),0) | F74: =IFERROR(INDEX(재무상태표!$E:$E,MATCH($I74,재무상태표!$G:$G,0)),0) | G74: =C74-F74 | H74: =SUBSTITUTE(A74," ","") | I74: =H74&"|"&COUNTIF($H$9:H74,H74) | J74: =IF($A74="","",IF(ISNUMBER(MATCH($I74,재무상태표!$G:$G,0)),"✓ 일치","⚠ 확인필요")) | K74: =IFERROR(IF(F74=0,"",(C74-F74)/ABS(F74)),"")
A75: 미처분 이익 잉여금 | B75: =IFERROR(INDEX(재무상태표!$B:$B,MATCH($I75,재무상태표!$G:$G,0)),0) | C75: =IFERROR(INDEX(재무상태표!$C:$C,MATCH($I75,재무상태표!$G:$G,0)),0) | E75: =IFERROR(INDEX(재무상태표!$D:$D,MATCH($I75,재무상태표!$G:$G,0)),0) | F75: =IFERROR(INDEX(재무상태표!$E:$E,MATCH($I75,재무상태표!$G:$G,0)),0) | G75: =C75-F75 | H75: =SUBSTITUTE(A75," ","") | I75: =H75&"|"&COUNTIF($H$9:H75,H75) | J75: =IF($A75="","",IF(ISNUMBER(MATCH($I75,재무상태표!$G:$G,0)),"✓ 일치","⚠ 확인필요")) | K75: =IFERROR(IF(F75=0,"",(C75-F75)/ABS(F75)),"")
A76: ( 당 기 순 이 익 ) | B76: =IFERROR(INDEX(재무상태표!$B:$B,MATCH($I76,재무상태표!$G:$G,0)),0) | C76: =IFERROR(INDEX(재무상태표!$C:$C,MATCH($I76,재무상태표!$G:$G,0)),0) | E76: =IFERROR(INDEX(재무상태표!$D:$D,MATCH($I76,재무상태표!$G:$G,0)),0) | F76: =IFERROR(INDEX(재무상태표!$E:$E,MATCH($I76,재무상태표!$G:$G,0)),0) | G76: =C76-F76 | H76: =SUBSTITUTE(A76," ","") | I76: =H76&"|"&COUNTIF($H$9:H76,H76) | J76: =IF($A76="","",IF(ISNUMBER(MATCH($I76,재무상태표!$G:$G,0)),"✓ 일치","⚠ 확인필요")) | K76: =IFERROR(IF(F76=0,"",(C76-F76)/ABS(F76)),"")
A77: =" 당기 : "&TEXT(손익계산서!C48,"#,##0") | G77: =C77-F77 | H77: =SUBSTITUTE(A77," ","") | I77: =H77&"|"&COUNTIF($H$9:H77,H77)
A78: =" 전기 : "&TEXT(손익계산서!E48,"#,##0") | G78: =C78-F78 | H78: =SUBSTITUTE(A78," ","") | I78: =H78&"|"&COUNTIF($H$9:H78,H78)
A79: 자 본 총 계 | B79: =IFERROR(INDEX(재무상태표!$B:$B,MATCH($I79,재무상태표!$G:$G,0)),0) | C79: =IFERROR(INDEX(재무상태표!$C:$C,MATCH($I79,재무상태표!$G:$G,0)),0) | E79: =IFERROR(INDEX(재무상태표!$D:$D,MATCH($I79,재무상태표!$G:$G,0)),0) | F79: =IFERROR(INDEX(재무상태표!$E:$E,MATCH($I79,재무상태표!$G:$G,0)),0) | G79: =C79-F79 | H79: =SUBSTITUTE(A79," ","") | I79: =H79&"|"&COUNTIF($H$9:H79,H79) | J79: =IF($A79="","",IF(ISNUMBER(MATCH($I79,재무상태표!$G:$G,0)),"✓ 일치","⚠ 확인필요")) | K79: =IFERROR(IF(F79=0,"",(C79-F79)/ABS(F79)),"")
A80: 부 채 및 자 본 총 계 | B80: =IFERROR(INDEX(재무상태표!$B:$B,MATCH($I80,재무상태표!$G:$G,0)),0) | C80: =IFERROR(INDEX(재무상태표!$C:$C,MATCH($I80,재무상태표!$G:$G,0)),0) | E80: =IFERROR(INDEX(재무상태표!$D:$D,MATCH($I80,재무상태표!$G:$G,0)),0) | F80: =IFERROR(INDEX(재무상태표!$E:$E,MATCH($I80,재무상태표!$G:$G,0)),0) | G80: =C80-F80 | H80: =SUBSTITUTE(A80," ","") | I80: =H80&"|"&COUNTIF($H$9:H80,H80) | J80: =IF($A80="","",IF(ISNUMBER(MATCH($I80,재무상태표!$G:$G,0)),"✓ 일치","⚠ 확인필요")) | K80: =IFERROR(IF(F80=0,"",(C80-F80)/ABS(F80)),"")

Sheet 매출액대비 비율분석
A1: 손익계산서(매출액대비 비율분석)
A3: ="(당기) "&TEXT(DATE(YEAR(인덱스!$K$1),1,1),"yyyy")&"년"&TEXT(MONTH(DATE(YEAR(인덱스!$K$1),1,1)),"00")&"월"&TEXT(DAY(DATE(YEAR(인덱스!$K$1),1,1)),"00")&"일"&" - "&TEXT(인덱스!$K$1,"yyyy")&"년"&TEXT(MONTH(인덱스!$K$1),"00")&"월"&TEXT(DAY(인덱스!$K$1),"00")&"일"
A4: ="(전기) "&TEXT(DATE(YEAR(인덱스!$K$1)-1,1,1),"yyyy")&"년"&TEXT(MONTH(DATE(YEAR(인덱스!$K$1)-1,1,1)),"00")&"월"&TEXT(DAY(DATE(YEAR(인덱스!$K$1)-1,1,1)),"00")&"일"&" - "&TEXT(DATE(YEAR(인덱스!$K$1)-1,12,31),"yyyy")&"년"&TEXT(MONTH(DATE(YEAR(인덱스!$K$1)-1,12,31)),"00")&"월"&TEXT(DAY(DATE(YEAR(인덱스!$K$1)-1,12,31)),"00")&"일"
A6: ㈜창현 | G6: 단위 : 원
A7: 과 목 | B7: 제 35 (당)기 | D7: 매출액대비 비율 | E7: 제 34 (전)기 | G7: 매출액대비 비율 | J7: 일치확인 | K7: 비율증감(%p)
B8: 금 액 | E8: 금 액
A9: Ⅰ . 매 출 액 | B9: =IFERROR(INDEX(손익계산서!$B:$B,MATCH($I9,손익계산서!$G:$G,0)),0) | C9: =IFERROR(INDEX(손익계산서!$C:$C,MATCH($I9,손익계산서!$G:$G,0)),0) | D9: =C9/C9 | E9: =IFERROR(INDEX(손익계산서!$D:$D,MATCH($I9,손익계산서!$G:$G,0)),0) | F9: =IFERROR(INDEX(손익계산서!$E:$E,MATCH($I9,손익계산서!$G:$G,0)),0) | G9: =F9/F9 | H9: =SUBSTITUTE(A9," ","") | I9: =H9&"|"&COUNTIF($H$9:H9,H9) | J9: =IF($A9="","",IF(ISNUMBER(MATCH($I9,손익계산서!$G:$G,0)),"✓ 일치","⚠ 확인필요")) | K9: =IFERROR(IF(OR(D9="",G9=""),"",D9-G9),"")
A10: 상 품 매 출 | B10: =IFERROR(INDEX(손익계산서!$B:$B,MATCH($I10,손익계산서!$G:$G,0)),0) | C10: =IFERROR(INDEX(손익계산서!$C:$C,MATCH($I10,손익계산서!$G:$G,0)),0) | E10: =IFERROR(INDEX(손익계산서!$D:$D,MATCH($I10,손익계산서!$G:$G,0)),0) | F10: =IFERROR(INDEX(손익계산서!$E:$E,MATCH($I10,손익계산서!$G:$G,0)),0) | H10: =SUBSTITUTE(A10," ","") | I10: =H10&"|"&COUNTIF($H$9:H10,H10) | J10: =IF($A10="","",IF(ISNUMBER(MATCH($I10,손익계산서!$G:$G,0)),"✓ 일치","⚠ 확인필요")) | K10: =IFERROR(IF(OR(D10="",G10=""),"",D10-G10),"")
A11: 상 품 수 출 매 출 | B11: =IFERROR(INDEX(손익계산서!$B:$B,MATCH($I11,손익계산서!$G:$G,0)),0) | C11: =IFERROR(INDEX(손익계산서!$C:$C,MATCH($I11,손익계산서!$G:$G,0)),0) | E11: =IFERROR(INDEX(손익계산서!$D:$D,MATCH($I11,손익계산서!$G:$G,0)),0) | F11: =IFERROR(INDEX(손익계산서!$E:$E,MATCH($I11,손익계산서!$G:$G,0)),0) | H11: =SUBSTITUTE(A11," ","") | I11: =H11&"|"&COUNTIF($H$9:H11,H11) | J11: =IF($A11="","",IF(ISNUMBER(MATCH($I11,손익계산서!$G:$G,0)),"✓ 일치","⚠ 확인필요")) | K11: =IFERROR(IF(OR(D11="",G11=""),"",D11-G11),"")
A12: Ⅱ . 매 출 원 가 | B12: =IFERROR(INDEX(손익계산서!$B:$B,MATCH($I12,손익계산서!$G:$G,0)),0) | C12: =IFERROR(INDEX(손익계산서!$C:$C,MATCH($I12,손익계산서!$G:$G,0)),0) | D12: =C12/C9 | E12: =IFERROR(INDEX(손익계산서!$D:$D,MATCH($I12,손익계산서!$G:$G,0)),0) | F12: =IFERROR(INDEX(손익계산서!$E:$E,MATCH($I12,손익계산서!$G:$G,0)),0) | G12: =F12/F9 | H12: =SUBSTITUTE(A12," ","") | I12: =H12&"|"&COUNTIF($H$9:H12,H12) | J12: =IF($A12="","",IF(ISNUMBER(MATCH($I12,손익계산서!$G:$G,0)),"✓ 일치","⚠ 확인필요")) | K12: =IFERROR(IF(OR(D12="",G12=""),"",D12-G12),"")
A13: 상 품 매 출 원 가 | B13: =IFERROR(INDEX(손익계산서!$B:$B,MATCH($I13,손익계산서!$G:$G,0)),0) | C13: =IFERROR(INDEX(손익계산서!$C:$C,MATCH($I13,손익계산서!$G:$G,0)),0) | E13: =IFERROR(INDEX(손익계산서!$D:$D,MATCH($I13,손익계산서!$G:$G,0)),0) | F13: =IFERROR(INDEX(손익계산서!$E:$E,MATCH($I13,손익계산서!$G:$G,0)),0) | H13: =SUBSTITUTE(A13," ","") | I13: =H13&"|"&COUNTIF($H$9:H13,H13) | J13: =IF($A13="","",IF(ISNUMBER(MATCH($I13,손익계산서!$G:$G,0)),"✓ 일치","⚠ 확인필요")) | K13: =IFERROR(IF(OR(D13="",G13=""),"",D13-G13),"")
A14: 기초 상품 재고액 | B14: =IFERROR(INDEX(손익계산서!$B:$B,MATCH($I14,손익계산서!$G:$G,0)),0) | C14: =IFERROR(INDEX(손익계산서!$C:$C,MATCH($I14,손익계산서!$G:$G,0)),0) | E14: =IFERROR(INDEX(손익계산서!$D:$D,MATCH($I14,손익계산서!$G:$G,0)),0) | F14: =IFERROR(INDEX(손익계산서!$E:$E,MATCH($I14,손익계산서!$G:$G,0)),0) | H14: =SUBSTITUTE(A14," ","") | I14: =H14&"|"&COUNTIF($H$9:H14,H14) | J14: =IF($A14="","",IF(ISNUMBER(MATCH($I14,손익계산서!$G:$G,0)),"✓ 일치","⚠ 확인필요")) | K14: =IFERROR(IF(OR(D14="",G14=""),"",D14-G14),"")
A15: 당기 상품 매 입 액 | B15: =IFERROR(INDEX(손익계산서!$B:$B,MATCH($I15,손익계산서!$G:$G,0)),0) | C15: =IFERROR(INDEX(손익계산서!$C:$C,MATCH($I15,손익계산서!$G:$G,0)),0) | E15: =IFERROR(INDEX(손익계산서!$D:$D,MATCH($I15,손익계산서!$G:$G,0)),0) | F15: =IFERROR(INDEX(손익계산서!$E:$E,MATCH($I15,손익계산서!$G:$G,0)),0) | H15: =SUBSTITUTE(A15," ","") | I15: =H15&"|"&COUNTIF($H$9:H15,H15) | J15: =IF($A15="","",IF(ISNUMBER(MATCH($I15,손익계산서!$G:$G,0)),"✓ 일치","⚠ 확인필요")) | K15: =IFERROR(IF(OR(D15="",G15=""),"",D15-G15),"")
A16: 매 입 할 인 | B16: =IFERROR(INDEX(손익계산서!$B:$B,MATCH($I16,손익계산서!$G:$G,0)),0) | C16: =IFERROR(INDEX(손익계산서!$C:$C,MATCH($I16,손익계산서!$G:$G,0)),0) | E16: =IFERROR(INDEX(손익계산서!$D:$D,MATCH($I16,손익계산서!$G:$G,0)),0) | F16: =IFERROR(INDEX(손익계산서!$E:$E,MATCH($I16,손익계산서!$G:$G,0)),0) | H16: =SUBSTITUTE(A16," ","") | I16: =H16&"|"&COUNTIF($H$9:H16,H16) | J16: =IF($A16="","",IF(ISNUMBER(MATCH($I16,손익계산서!$G:$G,0)),"✓ 일치","⚠ 확인필요")) | K16: =IFERROR(IF(OR(D16="",G16=""),"",D16-G16),"")
A17: 기말 상품 재고액 | B17: =IFERROR(INDEX(손익계산서!$B:$B,MATCH($I17,손익계산서!$G:$G,0)),0) | C17: =IFERROR(INDEX(손익계산서!$C:$C,MATCH($I17,손익계산서!$G:$G,0)),0) | E17: =IFERROR(INDEX(손익계산서!$D:$D,MATCH($I17,손익계산서!$G:$G,0)),0) | F17: =IFERROR(INDEX(손익계산서!$E:$E,MATCH($I17,손익계산서!$G:$G,0)),0) | H17: =SUBSTITUTE(A17," ","") | I17: =H17&"|"&COUNTIF($H$9:H17,H17) | J17: =IF($A17="","",IF(ISNUMBER(MATCH($I17,손익계산서!$G:$G,0)),"✓ 일치","⚠ 확인필요")) | K17: =IFERROR(IF(OR(D17="",G17=""),"",D17-G17),"")
A18: Ⅲ . 매 출 총 이 익 | B18: =IFERROR(INDEX(손익계산서!$B:$B,MATCH($I18,손익계산서!$G:$G,0)),0) | C18: =IFERROR(INDEX(손익계산서!$C:$C,MATCH($I18,손익계산서!$G:$G,0)),0) | D18: =C18/C9 | E18: =IFERROR(INDEX(손익계산서!$D:$D,MATCH($I18,손익계산서!$G:$G,0)),0) | F18: =IFERROR(INDEX(손익계산서!$E:$E,MATCH($I18,손익계산서!$G:$G,0)),0) | G18: =F18/F9 | H18: =SUBSTITUTE(A18," ","") | I18: =H18&"|"&COUNTIF($H$9:H18,H18) | J18: =IF($A18="","",IF(ISNUMBER(MATCH($I18,손익계산서!$G:$G,0)),"✓ 일치","⚠ 확인필요")) | K18: =IFERROR(IF(OR(D18="",G18=""),"",D18-G18),"")
A19: Ⅳ . 판 매 관 리 비 | B19: =IFERROR(INDEX(손익계산서!$B:$B,MATCH($I19,손익계산서!$G:$G,0)),0) | C19: =IFERROR(INDEX(손익계산서!$C:$C,MATCH($I19,손익계산서!$G:$G,0)),0) | D19: =C19/C9 | E19: =IFERROR(INDEX(손익계산서!$D:$D,MATCH($I19,손익계산서!$G:$G,0)),0) | F19: =IFERROR(INDEX(손익계산서!$E:$E,MATCH($I19,손익계산서!$G:$G,0)),0) | G19: =F19/F9 | H19: =SUBSTITUTE(A19," ","") | I19: =H19&"|"&COUNTIF($H$9:H19,H19) | J19: =IF($A19="","",IF(ISNUMBER(MATCH($I19,손익계산서!$G:$G,0)),"✓ 일치","⚠ 확인필요")) | K19: =IFERROR(IF(OR(D19="",G19=""),"",D19-G19),"") | M19: 판관비대비 비율
A20: 직 원 급 여 | B20: =IFERROR(INDEX(손익계산서!$B:$B,MATCH($I20,손익계산서!$G:$G,0)),0) | C20: =IFERROR(INDEX(손익계산서!$C:$C,MATCH($I20,손익계산서!$G:$G,0)),0) | D20: =B20/$C$9 | E20: =IFERROR(INDEX(손익계산서!$D:$D,MATCH($I20,손익계산서!$G:$G,0)),0) | F20: =IFERROR(INDEX(손익계산서!$E:$E,MATCH($I20,손익계산서!$G:$G,0)),0) | G20: =E20/F$9 | H20: =SUBSTITUTE(A20," ","") | I20: =H20&"|"&COUNTIF($H$9:H20,H20) | J20: =IF($A20="","",IF(ISNUMBER(MATCH($I20,손익계산서!$G:$G,0)),"✓ 일치","⚠ 확인필요")) | K20: =IFERROR(IF(OR(D20="",G20=""),"",D20-G20),"") | M20: =(B20/$C$19) | P20: =(E20/$F$19)
A21: 잡 급 | B21: =IFERROR(INDEX(손익계산서!$B:$B,MATCH($I21,손익계산서!$G:$G,0)),0) | C21: =IFERROR(INDEX(손익계산서!$C:$C,MATCH($I21,손익계산서!$G:$G,0)),0) | D21: =B21/$C$9 | E21: =IFERROR(INDEX(손익계산서!$D:$D,MATCH($I21,손익계산서!$G:$G,0)),0) | F21: =IFERROR(INDEX(손익계산서!$E:$E,MATCH($I21,손익계산서!$G:$G,0)),0) | G21: =E21/F$9 | H21: =SUBSTITUTE(A21," ","") | I21: =H21&"|"&COUNTIF($H$9:H21,H21) | J21: =IF($A21="","",IF(ISNUMBER(MATCH($I21,손익계산서!$G:$G,0)),"✓ 일치","⚠ 확인필요")) | K21: =IFERROR(IF(OR(D21="",G21=""),"",D21-G21),"") | M21: =(B21/$C$19) | P21: =(E21/$F$19)
A22: 상 여 금 | B22: =IFERROR(INDEX(손익계산서!$B:$B,MATCH($I22,손익계산서!$G:$G,0)),0) | C22: =IFERROR(INDEX(손익계산서!$C:$C,MATCH($I22,손익계산서!$G:$G,0)),0) | D22: =B22/$C$9 | E22: =IFERROR(INDEX(손익계산서!$D:$D,MATCH($I22,손익계산서!$G:$G,0)),0) | F22: =IFERROR(INDEX(손익계산서!$E:$E,MATCH($I22,손익계산서!$G:$G,0)),0) | G22: =E22/F$9 | H22: =SUBSTITUTE(A22," ","") | I22: =H22&"|"&COUNTIF($H$9:H22,H22) | J22: =IF($A22="","",IF(ISNUMBER(MATCH($I22,손익계산서!$G:$G,0)),"✓ 일치","⚠ 확인필요")) | K22: =IFERROR(IF(OR(D22="",G22=""),"",D22-G22),"") | M22: =(B22/$C$19) | P22: =(E22/$F$19)
A23: 연 차 수 당 | B23: =IFERROR(INDEX(손익계산서!$B:$B,MATCH($I23,손익계산서!$G:$G,0)),0) | C23: =IFERROR(INDEX(손익계산서!$C:$C,MATCH($I23,손익계산서!$G:$G,0)),0) | D23: =B23/$C$9 | E23: =IFERROR(INDEX(손익계산서!$D:$D,MATCH($I23,손익계산서!$G:$G,0)),0) | F23: =IFERROR(INDEX(손익계산서!$E:$E,MATCH($I23,손익계산서!$G:$G,0)),0) | G23: =E23/F$9 | H23: =SUBSTITUTE(A23," ","") | I23: =H23&"|"&COUNTIF($H$9:H23,H23) | J23: =IF($A23="","",IF(ISNUMBER(MATCH($I23,손익계산서!$G:$G,0)),"✓ 일치","⚠ 확인필요")) | K23: =IFERROR(IF(OR(D23="",G23=""),"",D23-G23),"") | M23: =(B23/$C$19) | P23: =(E23/$F$19)
A24: 퇴 직 급 여 | B24: =IFERROR(INDEX(손익계산서!$B:$B,MATCH($I24,손익계산서!$G:$G,0)),0) | C24: =IFERROR(INDEX(손익계산서!$C:$C,MATCH($I24,손익계산서!$G:$G,0)),0) | D24: =B24/$C$9 | E24: =IFERROR(INDEX(손익계산서!$D:$D,MATCH($I24,손익계산서!$G:$G,0)),0) | F24: =IFERROR(INDEX(손익계산서!$E:$E,MATCH($I24,손익계산서!$G:$G,0)),0) | G24: =E24/F$9 | H24: =SUBSTITUTE(A24," ","") | I24: =H24&"|"&COUNTIF($H$9:H24,H24) | J24: =IF($A24="","",IF(ISNUMBER(MATCH($I24,손익계산서!$G:$G,0)),"✓ 일치","⚠ 확인필요")) | K24: =IFERROR(IF(OR(D24="",G24=""),"",D24-G24),"") | M24: =(B24/$C$19) | P24: =(E24/$F$19)
A25: 복 리 후 생 비 | B25: =IFERROR(INDEX(손익계산서!$B:$B,MATCH($I25,손익계산서!$G:$G,0)),0) | C25: =IFERROR(INDEX(손익계산서!$C:$C,MATCH($I25,손익계산서!$G:$G,0)),0) | D25: =B25/$C$9 | E25: =IFERROR(INDEX(손익계산서!$D:$D,MATCH($I25,손익계산서!$G:$G,0)),0) | F25: =IFERROR(INDEX(손익계산서!$E:$E,MATCH($I25,손익계산서!$G:$G,0)),0) | G25: =E25/F$9 | H25: =SUBSTITUTE(A25," ","") | I25: =H25&"|"&COUNTIF($H$9:H25,H25) | J25: =IF($A25="","",IF(ISNUMBER(MATCH($I25,손익계산서!$G:$G,0)),"✓ 일치","⚠ 확인필요")) | K25: =IFERROR(IF(OR(D25="",G25=""),"",D25-G25),"") | M25: =(B25/$C$19) | P25: =(E25/$F$19)
A26: 여 비 교 통 비 | B26: =IFERROR(INDEX(손익계산서!$B:$B,MATCH($I26,손익계산서!$G:$G,0)),0) | C26: =IFERROR(INDEX(손익계산서!$C:$C,MATCH($I26,손익계산서!$G:$G,0)),0) | D26: =B26/$C$9 | E26: =IFERROR(INDEX(손익계산서!$D:$D,MATCH($I26,손익계산서!$G:$G,0)),0) | F26: =IFERROR(INDEX(손익계산서!$E:$E,MATCH($I26,손익계산서!$G:$G,0)),0) | G26: =E26/F$9 | H26: =SUBSTITUTE(A26," ","") | I26: =H26&"|"&COUNTIF($H$9:H26,H26) | J26: =IF($A26="","",IF(ISNUMBER(MATCH($I26,손익계산서!$G:$G,0)),"✓ 일치","⚠ 확인필요")) | K26: =IFERROR(IF(OR(D26="",G26=""),"",D26-G26),"") | M26: =(B26/$C$19) | P26: =(E26/$F$19)
A27: 접 대 비 | B27: =IFERROR(INDEX(손익계산서!$B:$B,MATCH($I27,손익계산서!$G:$G,0)),0) | C27: =IFERROR(INDEX(손익계산서!$C:$C,MATCH($I27,손익계산서!$G:$G,0)),0) | D27: =B27/$C$9 | E27: =IFERROR(INDEX(손익계산서!$D:$D,MATCH($I27,손익계산서!$G:$G,0)),0) | F27: =IFERROR(INDEX(손익계산서!$E:$E,MATCH($I27,손익계산서!$G:$G,0)),0) | G27: =E27/F$9 | H27: =SUBSTITUTE(A27," ","") | I27: =H27&"|"&COUNTIF($H$9:H27,H27) | J27: =IF($A27="","",IF(ISNUMBER(MATCH($I27,손익계산서!$G:$G,0)),"✓ 일치","⚠ 확인필요")) | K27: =IFERROR(IF(OR(D27="",G27=""),"",D27-G27),"") | M27: =(B27/$C$19) | P27: =(E27/$F$19)
A28: 통 신 비 | B28: =IFERROR(INDEX(손익계산서!$B:$B,MATCH($I28,손익계산서!$G:$G,0)),0) | C28: =IFERROR(INDEX(손익계산서!$C:$C,MATCH($I28,손익계산서!$G:$G,0)),0) | D28: =B28/$C$9 | E28: =IFERROR(INDEX(손익계산서!$D:$D,MATCH($I28,손익계산서!$G:$G,0)),0) | F28: =IFERROR(INDEX(손익계산서!$E:$E,MATCH($I28,손익계산서!$G:$G,0)),0) | G28: =E28/F$9 | H28: =SUBSTITUTE(A28," ","") | I28: =H28&"|"&COUNTIF($H$9:H28,H28) | J28: =IF($A28="","",IF(ISNUMBER(MATCH($I28,손익계산서!$G:$G,0)),"✓ 일치","⚠ 확인필요")) | K28: =IFERROR(IF(OR(D28="",G28=""),"",D28-G28),"") | M28: =(B28/$C$19) | P28: =(E28/$F$19)
A29: 수 도 광 열 비 | B29: =IFERROR(INDEX(손익계산서!$B:$B,MATCH($I29,손익계산서!$G:$G,0)),0) | C29: =IFERROR(INDEX(손익계산서!$C:$C,MATCH($I29,손익계산서!$G:$G,0)),0) | D29: =B29/$C$9 | E29: =IFERROR(INDEX(손익계산서!$D:$D,MATCH($I29,손익계산서!$G:$G,0)),0) | F29: =IFERROR(INDEX(손익계산서!$E:$E,MATCH($I29,손익계산서!$G:$G,0)),0) | G29: =E29/F$9 | H29: =SUBSTITUTE(A29," ","") | I29: =H29&"|"&COUNTIF($H$9:H29,H29) | J29: =IF($A29="","",IF(ISNUMBER(MATCH($I29,손익계산서!$G:$G,0)),"✓ 일치","⚠ 확인필요")) | K29: =IFERROR(IF(OR(D29="",G29=""),"",D29-G29),"") | M29: =(B29/$C$19) | P29: =(E29/$F$19)
A30: 전 력 비 | B30: =IFERROR(INDEX(손익계산서!$B:$B,MATCH($I30,손익계산서!$G:$G,0)),0) | C30: =IFERROR(INDEX(손익계산서!$C:$C,MATCH($I30,손익계산서!$G:$G,0)),0) | D30: =B30/$C$9 | E30: =IFERROR(INDEX(손익계산서!$D:$D,MATCH($I30,손익계산서!$G:$G,0)),0) | F30: =IFERROR(INDEX(손익계산서!$E:$E,MATCH($I30,손익계산서!$G:$G,0)),0) | G30: =E30/F$9 | H30: =SUBSTITUTE(A30," ","") | I30: =H30&"|"&COUNTIF($H$9:H30,H30) | J30: =IF($A30="","",IF(ISNUMBER(MATCH($I30,손익계산서!$G:$G,0)),"✓ 일치","⚠ 확인필요")) | K30: =IFERROR(IF(OR(D30="",G30=""),"",D30-G30),"") | M30: =(B30/$C$19) | P30: =(E30/$F$19)
A31: 세 금 과 공 과 금 | B31: =IFERROR(INDEX(손익계산서!$B:$B,MATCH($I31,손익계산서!$G:$G,0)),0) | C31: =IFERROR(INDEX(손익계산서!$C:$C,MATCH($I31,손익계산서!$G:$G,0)),0) | D31: =B31/$C$9 | E31: =IFERROR(INDEX(손익계산서!$D:$D,MATCH($I31,손익계산서!$G:$G,0)),0) | F31: =IFERROR(INDEX(손익계산서!$E:$E,MATCH($I31,손익계산서!$G:$G,0)),0) | G31: =E31/F$9 | H31: =SUBSTITUTE(A31," ","") | I31: =H31&"|"&COUNTIF($H$9:H31,H31) | J31: =IF($A31="","",IF(ISNUMBER(MATCH($I31,손익계산서!$G:$G,0)),"✓ 일치","⚠ 확인필요")) | K31: =IFERROR(IF(OR(D31="",G31=""),"",D31-G31),"") | M31: =(B31/$C$19) | P31: =(E31/$F$19)
... A41: 수 출 제 비 용 | B41: =IFERROR(INDEX(손익계산서!$B:$B,MATCH($I41,손익계산서!$G:$G,0)),0) | C41: =IFERROR(INDEX(손익계산서!$C:$C,MATCH($I41,손익계산서!$G:$G,0)),0) | D41: =B41/$C$9 | E41: =IFERROR(INDEX(손익계산서!$D:$D,MATCH($I41,손익계산서!$G:$G,0)),0) | F41: =IFERROR(INDEX(손익계산서!$E:$E,MATCH($I41,손익계산서!$G:$G,0)),0) | G41: =E41/F$9 | H41: =SUBSTITUTE(A41," ","") | I41: =H41&"|"&COUNTIF($H$9:H41,H41) | J41: =IF($A41="","",IF(ISNUMBER(MATCH($I41,손익계산서!$G:$G,0)),"✓ 일치","⚠ 확인필요")) | K41: =IFERROR(IF(OR(D41="",G41=""),"",D41-G41),"") | M41: =(B41/$C$19) | P41: =(E41/$F$19)
A42: Ⅴ . 영 업 이 익 | B42: =IFERROR(INDEX(손익계산서!$B:$B,MATCH($I42,손익계산서!$G:$G,0)),0) | C42: =IFERROR(INDEX(손익계산서!$C:$C,MATCH($I42,손익계산서!$G:$G,0)),0) | D42: =C42/C9 | E42: =IFERROR(INDEX(손익계산서!$D:$D,MATCH($I42,손익계산서!$G:$G,0)),0) | F42: =IFERROR(INDEX(손익계산서!$E:$E,MATCH($I42,손익계산서!$G:$G,0)),0) | G42: =F42/F9 | H42: =SUBSTITUTE(A42," ","") | I42: =H42&"|"&COUNTIF($H$9:H42,H42) | J42: =IF($A42="","",IF(ISNUMBER(MATCH($I42,손익계산서!$G:$G,0)),"✓ 일치","⚠ 확인필요")) | K42: =IFERROR(IF(OR(D42="",G42=""),"",D42-G42),"")
A43: Ⅵ . 영 업 외 수 익 | B43: =IFERROR(INDEX(손익계산서!$B:$B,MATCH($I43,손익계산서!$G:$G,0)),0) | C43: =IFERROR(INDEX(손익계산서!$C:$C,MATCH($I43,손익계산서!$G:$G,0)),0) | D43: =C43/$C$9 | E43: =IFERROR(INDEX(손익계산서!$D:$D,MATCH($I43,손익계산서!$G:$G,0)),0) | F43: =IFERROR(INDEX(손익계산서!$E:$E,MATCH($I43,손익계산서!$G:$G,0)),0) | G43: =F43/$F$9 | H43: =SUBSTITUTE(A43," ","") | I43: =H43&"|"&COUNTIF($H$9:H43,H43) | J43: =IF($A43="","",IF(ISNUMBER(MATCH($I43,손익계산서!$G:$G,0)),"✓ 일치","⚠ 확인필요")) | K43: =IFERROR(IF(OR(D43="",G43=""),"",D43-G43),"")
A44: 이 자 수 익 | B44: =IFERROR(INDEX(손익계산서!$B:$B,MATCH($I44,손익계산서!$G:$G,0)),0) | C44: =IFERROR(INDEX(손익계산서!$C:$C,MATCH($I44,손익계산서!$G:$G,0)),0) | D44: =B44/$C$9 | E44: =IFERROR(INDEX(손익계산서!$D:$D,MATCH($I44,손익계산서!$G:$G,0)),0) | F44: =IFERROR(INDEX(손익계산서!$E:$E,MATCH($I44,손익계산서!$G:$G,0)),0) | G44: =E44/F$9 | H44: =SUBSTITUTE(A44," ","") | I44: =H44&"|"&COUNTIF($H$9:H44,H44) | J44: =IF($A44="","",IF(ISNUMBER(MATCH($I44,손익계산서!$G:$G,0)),"✓ 일치","⚠ 확인필요")) | K44: =IFERROR(IF(OR(D44="",G44=""),"",D44-G44),"")
A45: 외 환 차 익 | B45: =IFERROR(INDEX(손익계산서!$B:$B,MATCH($I45,손익계산서!$G:$G,0)),0) | C45: =IFERROR(INDEX(손익계산서!$C:$C,MATCH($I45,손익계산서!$G:$G,0)),0) | D45: =B45/$C$9 | E45: =IFERROR(INDEX(손익계산서!$D:$D,MATCH($I45,손익계산서!$G:$G,0)),0) | F45: =IFERROR(INDEX(손익계산서!$E:$E,MATCH($I45,손익계산서!$G:$G,0)),0) | G45: =E45/F$9 | H45: =SUBSTITUTE(A45," ","") | I45: =H45&"|"&COUNTIF($H$9:H45,H45) | J45: =IF($A45="","",IF(ISNUMBER(MATCH($I45,손익계산서!$G:$G,0)),"✓ 일치","⚠ 확인필요")) | K45: =IFERROR(IF(OR(D45="",G45=""),"",D45-G45),"")
A46: 외 화 환 산 이 익 | B46: =IFERROR(INDEX(손익계산서!$B:$B,MATCH($I46,손익계산서!$G:$G,0)),0) | C46: =IFERROR(INDEX(손익계산서!$C:$C,MATCH($I46,손익계산서!$G:$G,0)),0) | D46: =B46/$C$9 | E46: =IFERROR(INDEX(손익계산서!$D:$D,MATCH($I46,손익계산서!$G:$G,0)),0) | F46: =IFERROR(INDEX(손익계산서!$E:$E,MATCH($I46,손익계산서!$G:$G,0)),0) | G46: =E46/F$9 | H46: =SUBSTITUTE(A46," ","") | I46: =H46&"|"&COUNTIF($H$9:H46,H46) | J46: =IF($A46="","",IF(ISNUMBER(MATCH($I46,손익계산서!$G:$G,0)),"✓ 일치","⚠ 확인필요")) | K46: =IFERROR(IF(OR(D46="",G46=""),"",D46-G46),"")
A47: 유형자산 처분이익 | B47: =IFERROR(INDEX(손익계산서!$B:$B,MATCH($I47,손익계산서!$G:$G,0)),0) | C47: =IFERROR(INDEX(손익계산서!$C:$C,MATCH($I47,손익계산서!$G:$G,0)),0) | D47: =B47/$C$9 | E47: =IFERROR(INDEX(손익계산서!$D:$D,MATCH($I47,손익계산서!$G:$G,0)),0) | F47: =IFERROR(INDEX(손익계산서!$E:$E,MATCH($I47,손익계산서!$G:$G,0)),0) | G47: =E47/F$9 | H47: =SUBSTITUTE(A47," ","") | I47: =H47&"|"&COUNTIF($H$9:H47,H47) | J47: =IF($A47="","",IF(ISNUMBER(MATCH($I47,손익계산서!$G:$G,0)),"✓ 일치","⚠ 확인필요")) | K47: =IFERROR(IF(OR(D47="",G47=""),"",D47-G47),"")
A48: 투자자산 처분이익 | B48: =IFERROR(INDEX(손익계산서!$B:$B,MATCH($I48,손익계산서!$G:$G,0)),0) | C48: =IFERROR(INDEX(손익계산서!$C:$C,MATCH($I48,손익계산서!$G:$G,0)),0) | D48: =B48/$C$9 | E48: =IFERROR(INDEX(손익계산서!$D:$D,MATCH($I48,손익계산서!$G:$G,0)),0) | F48: =IFERROR(INDEX(손익계산서!$E:$E,MATCH($I48,손익계산서!$G:$G,0)),0) | G48: =E48/F$9 | H48: =SUBSTITUTE(A48," ","") | I48: =H48&"|"&COUNTIF($H$9:H48,H48) | J48: =IF($A48="","",IF(ISNUMBER(MATCH($I48,손익계산서!$G:$G,0)),"✓ 일치","⚠ 확인필요")) | K48: =IFERROR(IF(OR(D48="",G48=""),"",D48-G48),"")
A49: 금융상품 처분이익 | B49: =IFERROR(INDEX(손익계산서!$B:$B,MATCH($I49,손익계산서!$G:$G,0)),0) | C49: =IFERROR(INDEX(손익계산서!$C:$C,MATCH($I49,손익계산서!$G:$G,0)),0) | D49: =B49/$C$9 | E49: =IFERROR(INDEX(손익계산서!$D:$D,MATCH($I49,손익계산서!$G:$G,0)),0) | F49: =IFERROR(INDEX(손익계산서!$E:$E,MATCH($I49,손익계산서!$G:$G,0)),0) | G49: =E49/F$9 | H49: =SUBSTITUTE(A49," ","") | I49: =H49&"|"&COUNTIF($H$9:H49,H49) | J49: =IF($A49="","",IF(ISNUMBER(MATCH($I49,손익계산서!$G:$G,0)),"✓ 일치","⚠ 확인필요")) | K49: =IFERROR(IF(OR(D49="",G49=""),"",D49-G49),"")
A50: 잡 이 익 | B50: =IFERROR(INDEX(손익계산서!$B:$B,MATCH($I50,손익계산서!$G:$G,0)),0) | C50: =IFERROR(INDEX(손익계산서!$C:$C,MATCH($I50,손익계산서!$G:$G,0)),0) | D50: =B50/$C$9 | E50: =IFERROR(INDEX(손익계산서!$D:$D,MATCH($I50,손익계산서!$G:$G,0)),0) | F50: =IFERROR(INDEX(손익계산서!$E:$E,MATCH($I50,손익계산서!$G:$G,0)),0) | G50: =E50/F$9 | H50: =SUBSTITUTE(A50," ","") | I50: =H50&"|"&COUNTIF($H$9:H50,H50) | J50: =IF($A50="","",IF(ISNUMBER(MATCH($I50,손익계산서!$G:$G,0)),"✓ 일치","⚠ 확인필요")) | K50: =IFERROR(IF(OR(D50="",G50=""),"",D50-G50),"")
A51: Ⅶ . 영 업 외 비 용 | B51: =IFERROR(INDEX(손익계산서!$B:$B,MATCH($I51,손익계산서!$G:$G,0)),0) | C51: =IFERROR(INDEX(손익계산서!$C:$C,MATCH($I51,손익계산서!$G:$G,0)),0) | D51: =C51/$C$9 | E51: =IFERROR(INDEX(손익계산서!$D:$D,MATCH($I51,손익계산서!$G:$G,0)),0) | F51: =IFERROR(INDEX(손익계산서!$E:$E,MATCH($I51,손익계산서!$G:$G,0)),0) | G51: =F51/F$9 | H51: =SUBSTITUTE(A51," ","") | I51: =H51&"|"&COUNTIF($H$9:H51,H51) | J51: =IF($A51="","",IF(ISNUMBER(MATCH($I51,손익계산서!$G:$G,0)),"✓ 일치","⚠ 확인필요")) | K51: =IFERROR(IF(OR(D51="",G51=""),"",D51-G51),"")
A52: 이 자 비 용 | B52: =IFERROR(INDEX(손익계산서!$B:$B,MATCH($I52,손익계산서!$G:$G,0)),0) | C52: =IFERROR(INDEX(손익계산서!$C:$C,MATCH($I52,손익계산서!$G:$G,0)),0) | D52: =B52/$C$9 | E52: =IFERROR(INDEX(손익계산서!$D:$D,MATCH($I52,손익계산서!$G:$G,0)),0) | F52: =IFERROR(INDEX(손익계산서!$E:$E,MATCH($I52,손익계산서!$G:$G,0)),0) | G52: =E52/F$9 | H52: =SUBSTITUTE(A52," ","") | I52: =H52&"|"&COUNTIF($H$9:H52,H52) | J52: =IF($A52="","",IF(ISNUMBER(MATCH($I52,손익계산서!$G:$G,0)),"✓ 일치","⚠ 확인필요")) | K52: =IFERROR(IF(OR(D52="",G52=""),"",D52-G52),"")
A53: 외 환 차 손 | B53: =IFERROR(INDEX(손익계산서!$B:$B,MATCH($I53,손익계산서!$G:$G,0)),0) | C53: =IFERROR(INDEX(손익계산서!$C:$C,MATCH($I53,손익계산서!$G:$G,0)),0) | D53: =B53/$C$9 | E53: =IFERROR(INDEX(손익계산서!$D:$D,MATCH($I53,손익계산서!$G:$G,0)),0) | F53: =IFERROR(INDEX(손익계산서!$E:$E,MATCH($I53,손익계산서!$G:$G,0)),0) | G53: =E53/F$9 | H53: =SUBSTITUTE(A53," ","") | I53: =H53&"|"&COUNTIF($H$9:H53,H53) | J53: =IF($A53="","",IF(ISNUMBER(MATCH($I53,손익계산서!$G:$G,0)),"✓ 일치","⚠ 확인필요")) | K53: =IFERROR(IF(OR(D53="",G53=""),"",D53-G53),"")
A54: 외 화 환 산 손 실 | B54: =IFERROR(INDEX(손익계산서!$B:$B,MATCH($I54,손익계산서!$G:$G,0)),0) | C54: =IFERROR(INDEX(손익계산서!$C:$C,MATCH($I54,손익계산서!$G:$G,0)),0) | D54: =B54/$C$9 | E54: =IFERROR(INDEX(손익계산서!$D:$D,MATCH($I54,손익계산서!$G:$G,0)),0) | F54: =IFERROR(INDEX(손익계산서!$E:$E,MATCH($I54,손익계산서!$G:$G,0)),0) | G54: =E54/F$9 | H54: =SUBSTITUTE(A54," ","") | I54: =H54&"|"&COUNTIF($H$9:H54,H54) | J54: =IF($A54="","",IF(ISNUMBER(MATCH($I54,손익계산서!$G:$G,0)),"✓ 일치","⚠ 확인필요")) | K54: =IFERROR(IF(OR(D54="",G54=""),"",D54-G54),"")
A55: 금융상품 평가손실 | B55: =IFERROR(INDEX(손익계산서!$B:$B,MATCH($I55,손익계산서!$G:$G,0)),0) | C55: =IFERROR(INDEX(손익계산서!$C:$C,MATCH($I55,손익계산서!$G:$G,0)),0) | D55: =B55/$C$9 | E55: =IFERROR(INDEX(손익계산서!$D:$D,MATCH($I55,손익계산서!$G:$G,0)),0) | F55: =IFERROR(INDEX(손익계산서!$E:$E,MATCH($I55,손익계산서!$G:$G,0)),0) | G55: =E55/F$9 | H55: =SUBSTITUTE(A55," ","") | I55: =H55&"|"&COUNTIF($H$9:H55,H55) | J55: =IF($A55="","",IF(ISNUMBER(MATCH($I55,손익계산서!$G:$G,0)),"✓ 일치","⚠ 확인필요")) | K55: =IFERROR(IF(OR(D55="",G55=""),"",D55-G55),"")
A56: 유형자산 처분손실 | B56: =IFERROR(INDEX(손익계산서!$B:$B,MATCH($I56,손익계산서!$G:$G,0)),0) | C56: =IFERROR(INDEX(손익계산서!$C:$C,MATCH($I56,손익계산서!$G:$G,0)),0) | D56: =B56/$C$9 | E56: =IFERROR(INDEX(손익계산서!$D:$D,MATCH($I56,손익계산서!$G:$G,0)),0) | F56: =IFERROR(INDEX(손익계산서!$E:$E,MATCH($I56,손익계산서!$G:$G,0)),0) | G56: =E56/F$9 | H56: =SUBSTITUTE(A56," ","") | I56: =H56&"|"&COUNTIF($H$9:H56,H56) | J56: =IF($A56="","",IF(ISNUMBER(MATCH($I56,손익계산서!$G:$G,0)),"✓ 일치","⚠ 확인필요")) | K56: =IFERROR(IF(OR(D56="",G56=""),"",D56-G56),"")
A57: 잡 손 실 | B57: =IFERROR(INDEX(손익계산서!$B:$B,MATCH($I57,손익계산서!$G:$G,0)),0) | C57: =IFERROR(INDEX(손익계산서!$C:$C,MATCH($I57,손익계산서!$G:$G,0)),0) | D57: =B57/$C$9 | E57: =IFERROR(INDEX(손익계산서!$D:$D,MATCH($I57,손익계산서!$G:$G,0)),0) | F57: =IFERROR(INDEX(손익계산서!$E:$E,MATCH($I57,손익계산서!$G:$G,0)),0) | G57: =E57/F$9 | H57: =SUBSTITUTE(A57," ","") | I57: =H57&"|"&COUNTIF($H$9:H57,H57) | J57: =IF($A57="","",IF(ISNUMBER(MATCH($I57,손익계산서!$G:$G,0)),"✓ 일치","⚠ 확인필요")) | K57: =IFERROR(IF(OR(D57="",G57=""),"",D57-G57),"")
A58: 법 인 세 추 납 액 | B58: =IFERROR(INDEX(손익계산서!$B:$B,MATCH($I58,손익계산서!$G:$G,0)),0) | C58: =IFERROR(INDEX(손익계산서!$C:$C,MATCH($I58,손익계산서!$G:$G,0)),0) | D58: =B58/$C$9 | E58: =IFERROR(INDEX(손익계산서!$D:$D,MATCH($I58,손익계산서!$G:$G,0)),0) | F58: =IFERROR(INDEX(손익계산서!$E:$E,MATCH($I58,손익계산서!$G:$G,0)),0) | G58: =E58/F$9 | H58: =SUBSTITUTE(A58," ","") | I58: =H58&"|"&COUNTIF($H$9:H58,H58) | J58: =IF($A58="","",IF(ISNUMBER(MATCH($I58,손익계산서!$G:$G,0)),"✓ 일치","⚠ 확인필요")) | K58: =IFERROR(IF(OR(D58="",G58=""),"",D58-G58),"")
A59: Ⅷ . 법인세비용차감전순이익 | B59: =IFERROR(INDEX(손익계산서!$B:$B,MATCH($I59,손익계산서!$G:$G,0)),0) | C59: =IFERROR(INDEX(손익계산서!$C:$C,MATCH($I59,손익계산서!$G:$G,0)),0) | D59: =C59/C9 | E59: =IFERROR(INDEX(손익계산서!$D:$D,MATCH($I59,손익계산서!$G:$G,0)),0) | F59: =IFERROR(INDEX(손익계산서!$E:$E,MATCH($I59,손익계산서!$G:$G,0)),0) | G59: =F59/F9 | H59: =SUBSTITUTE(A59," ","") | I59: =H59&"|"&COUNTIF($H$9:H59,H59) | J59: =IF($A59="","",IF(ISNUMBER(MATCH($I59,손익계산서!$G:$G,0)),"✓ 일치","⚠ 확인필요")) | K59: =IFERROR(IF(OR(D59="",G59=""),"",D59-G59),"")
A60: Ⅸ . 법 인 세 비 용 | B60: =IFERROR(INDEX(손익계산서!$B:$B,MATCH($I60,손익계산서!$G:$G,0)),0) | C60: =IFERROR(INDEX(손익계산서!$C:$C,MATCH($I60,손익계산서!$G:$G,0)),0) | D60: =C60/C9 | E60: =IFERROR(INDEX(손익계산서!$D:$D,MATCH($I60,손익계산서!$G:$G,0)),0) | F60: =IFERROR(INDEX(손익계산서!$E:$E,MATCH($I60,손익계산서!$G:$G,0)),0) | G60: =F60/F9 | H60: =SUBSTITUTE(A60," ","") | I60: =H60&"|"&COUNTIF($H$9:H60,H60) | J60: =IF($A60="","",IF(ISNUMBER(MATCH($I60,손익계산서!$G:$G,0)),"✓ 일치","⚠ 확인필요")) | K60: =IFERROR(IF(OR(D60="",G60=""),"",D60-G60),"")
A61: 법 인 세 등 | B61: =IFERROR(INDEX(손익계산서!$B:$B,MATCH($I61,손익계산서!$G:$G,0)),0) | C61: =IFERROR(INDEX(손익계산서!$C:$C,MATCH($I61,손익계산서!$G:$G,0)),0) | E61: =IFERROR(INDEX(손익계산서!$D:$D,MATCH($I61,손익계산서!$G:$G,0)),0) | F61: =IFERROR(INDEX(손익계산서!$E:$E,MATCH($I61,손익계산서!$G:$G,0)),0) | H61: =SUBSTITUTE(A61," ","") | I61: =H61&"|"&COUNTIF($H$9:H61,H61) | J61: =IF($A61="","",IF(ISNUMBER(MATCH($I61,손익계산서!$G:$G,0)),"✓ 일치","⚠ 확인필요")) | K61: =IFERROR(IF(OR(D61="",G61=""),"",D61-G61),"")
A62: Ⅹ . 당 기 순 이 익 | B62: =IFERROR(INDEX(손익계산서!$B:$B,MATCH($I62,손익계산서!$G:$G,0)),0) | C62: =IFERROR(INDEX(손익계산서!$C:$C,MATCH($I62,손익계산서!$G:$G,0)),0) | D62: =C62/C9 | E62: =IFERROR(INDEX(손익계산서!$D:$D,MATCH($I62,손익계산서!$G:$G,0)),0) | F62: =IFERROR(INDEX(손익계산서!$E:$E,MATCH($I62,손익계산서!$G:$G,0)),0) | G62: =F62/F9 | H62: =SUBSTITUTE(A62," ","") | I62: =H62&"|"&COUNTIF($H$9:H62,H62) | J62: =IF($A62="","",IF(ISNUMBER(MATCH($I62,손익계산서!$G:$G,0)),"✓ 일치","⚠ 확인필요")) | K62: =IFERROR(IF(OR(D62="",G62=""),"",D62-G62),"")

Sheet 전월대비증감
A1: ="손익계산서(전월대비 증감내역)"
A3: ="기간 : "&TEXT(EOMONTH(인덱스!$K$1,-2)+1,"yyyy")&"년"&TEXT(MONTH(EOMONTH(인덱스!$K$1,-2)+1),"00")&"월"&TEXT(DAY(EOMONTH(인덱스!$K$1,-2)+1),"00")&"일"&"부터 - "&TEXT(인덱스!$K$1,"yyyy")&"년"&TEXT(MONTH(인덱스!$K$1),"00")&"월"&TEXT(DAY(인덱스!$K$1),"00")&"일"&"까지"
A5: ㈜창현 | M5: 단위 : 원
A6: 과 목 | B6: 계 | C6: 1월 | D6: 2월 | E6: 3월 | F6: 4월 | G6: 5월 | H6: 6월 | I6: ="전월("&MONTH(EOMONTH(인덱스!$K$1,-1))&"월)" | J6: ="당월("&MONTH(인덱스!$K$1)&"월)" | K6: 증감액 (전월대비) | L6: 증감 (전월대비) | M6: 내역 | P6: 일치확인 | Q6: 증감률
A7: Ⅰ . 매 출 액 | B7: =IFERROR(INDEX(기간별손익계산서!$B:$B,MATCH($O7,기간별손익계산서!$Q:$Q,0)),0) | C7: =IFERROR(INDEX(기간별손익계산서!$C:$N,MATCH($O7,기간별손익계산서!$Q:$Q,0),1),0) | D7: =IFERROR(INDEX(기간별손익계산서!$C:$N,MATCH($O7,기간별손익계산서!$Q:$Q,0),2),0) | E7: =IFERROR(INDEX(기간별손익계산서!$C:$N,MATCH($O7,기간별손익계산서!$Q:$Q,0),3),0) | F7: =IFERROR(INDEX(기간별손익계산서!$C:$N,MATCH($O7,기간별손익계산서!$Q:$Q,0),4),0) | G7: =IFERROR(INDEX(기간별손익계산서!$C:$N,MATCH($O7,기간별손익계산서!$Q:$Q,0),5),0) | H7: =IFERROR(INDEX(기간별손익계산서!$C:$N,MATCH($O7,기간별손익계산서!$Q:$Q,0),6),0) | I7: =IFERROR(INDEX(기간별손익계산서!$C:$N,MATCH($O7,기간별손익계산서!$Q:$Q,0),MONTH(EOMONTH(인덱스!$K$1,-1))),0) | J7: =IFERROR(INDEX(기간별손익계산서!$C:$N,MATCH($O7,기간별손익계산서!$Q:$Q,0),MONTH(인덱스!$K$1)),0) | K7: =J7-I7 | L7: =IF(J7-I7>0,"증가",IF(J7-I7=0,"변동없음","감소")) | N7: =SUBSTITUTE(A7," ","") | O7: =N7&"|"&COUNTIF($N$7:N7,N7) | P7: =IF($A7="","",IF(ISNUMBER(MATCH($O7,기간별손익계산서!$Q:$Q,0)),"✓ 일치","⚠ 확인필요")) | Q7: =IFERROR(IF(I7=0,"",(J7-I7)/ABS(I7)),"")
A8: 상 품 매 출 | B8: =IFERROR(INDEX(기간별손익계산서!$B:$B,MATCH($O8,기간별손익계산서!$Q:$Q,0)),0) | C8: =IFERROR(INDEX(기간별손익계산서!$C:$N,MATCH($O8,기간별손익계산서!$Q:$Q,0),1),0) | D8: =IFERROR(INDEX(기간별손익계산서!$C:$N,MATCH($O8,기간별손익계산서!$Q:$Q,0),2),0) | E8: =IFERROR(INDEX(기간별손익계산서!$C:$N,MATCH($O8,기간별손익계산서!$Q:$Q,0),3),0) | F8: =IFERROR(INDEX(기간별손익계산서!$C:$N,MATCH($O8,기간별손익계산서!$Q:$Q,0),4),0) | G8: =IFERROR(INDEX(기간별손익계산서!$C:$N,MATCH($O8,기간별손익계산서!$Q:$Q,0),5),0) | H8: =IFERROR(INDEX(기간별손익계산서!$C:$N,MATCH($O8,기간별손익계산서!$Q:$Q,0),6),0) | I8: =IFERROR(INDEX(기간별손익계산서!$C:$N,MATCH($O8,기간별손익계산서!$Q:$Q,0),MONTH(EOMONTH(인덱스!$K$1,-1))),0) | J8: =IFERROR(INDEX(기간별손익계산서!$C:$N,MATCH($O8,기간별손익계산서!$Q:$Q,0),MONTH(인덱스!$K$1)),0) | K8: =J8-I8 | N8: =SUBSTITUTE(A8," ","") | O8: =N8&"|"&COUNTIF($N$7:N8,N8) | P8: =IF($A8="","",IF(ISNUMBER(MATCH($O8,기간별손익계산서!$Q:$Q,0)),"✓ 일치","⚠ 확인필요")) | Q8: =IFERROR(IF(I8=0,"",(J8-I8)/ABS(I8)),"")
A9: 상 품 수 출 매 출 | B9: =IFERROR(INDEX(기간별손익계산서!$B:$B,MATCH($O9,기간별손익계산서!$Q:$Q,0)),0) | C9: =IFERROR(INDEX(기간별손익계산서!$C:$N,MATCH($O9,기간별손익계산서!$Q:$Q,0),1),0) | D9: =IFERROR(INDEX(기간별손익계산서!$C:$N,MATCH($O9,기간별손익계산서!$Q:$Q,0),2),0) | E9: =IFERROR(INDEX(기간별손익계산서!$C:$N,MATCH($O9,기간별손익계산서!$Q:$Q,0),3),0) | F9: =IFERROR(INDEX(기간별손익계산서!$C:$N,MATCH($O9,기간별손익계산서!$Q:$Q,0),4),0) | G9: =IFERROR(INDEX(기간별손익계산서!$C:$N,MATCH($O9,기간별손익계산서!$Q:$Q,0),5),0) | H9: =IFERROR(INDEX(기간별손익계산서!$C:$N,MATCH($O9,기간별손익계산서!$Q:$Q,0),6),0) | I9: =IFERROR(INDEX(기간별손익계산서!$C:$N,MATCH($O9,기간별손익계산서!$Q:$Q,0),MONTH(EOMONTH(인덱스!$K$1,-1))),0) | J9: =IFERROR(INDEX(기간별손익계산서!$C:$N,MATCH($O9,기간별손익계산서!$Q:$Q,0),MONTH(인덱스!$K$1)),0) | K9: =J9-I9 | N9: =SUBSTITUTE(A9," ","") | O9: =N9&"|"&COUNTIF($N$7:N9,N9) | P9: =IF($A9="","",IF(ISNUMBER(MATCH($O9,기간별손익계산서!$Q:$Q,0)),"✓ 일치","⚠ 확인필요")) | Q9: =IFERROR(IF(I9=0,"",(J9-I9)/ABS(I9)),"")
A10: Ⅱ . 매 출 원 가 | B10: =IFERROR(INDEX(기간별손익계산서!$B:$B,MATCH($O10,기간별손익계산서!$Q:$Q,0)),0) | C10: =IFERROR(INDEX(기간별손익계산서!$C:$N,MATCH($O10,기간별손익계산서!$Q:$Q,0),1),0) | D10: =IFERROR(INDEX(기간별손익계산서!$C:$N,MATCH($O10,기간별손익계산서!$Q:$Q,0),2),0) | E10: =IFERROR(INDEX(기간별손익계산서!$C:$N,MATCH($O10,기간별손익계산서!$Q:$Q,0),3),0) | F10: =IFERROR(INDEX(기간별손익계산서!$C:$N,MATCH($O10,기간별손익계산서!$Q:$Q,0),4),0) | G10: =IFERROR(INDEX(기간별손익계산서!$C:$N,MATCH($O10,기간별손익계산서!$Q:$Q,0),5),0) | H10: =IFERROR(INDEX(기간별손익계산서!$C:$N,MATCH($O10,기간별손익계산서!$Q:$Q,0),6),0) | I10: =IFERROR(INDEX(기간별손익계산서!$C:$N,MATCH($O10,기간별손익계산서!$Q:$Q,0),MONTH(EOMONTH(인덱스!$K$1,-1))),0) | J10: =IFERROR(INDEX(기간별손익계산서!$C:$N,MATCH($O10,기간별손익계산서!$Q:$Q,0),MONTH(인덱스!$K$1)),0) | K10: =J10-I10 | L10: =IF(J10-I10>0,"증가",IF(J10-I10=0,"변동없음","감소")) | N10: =SUBSTITUTE(A10," ","") | O10: =N10&"|"&COUNTIF($N$7:N10,N10) | P10: =IF($A10="","",IF(ISNUMBER(MATCH($O10,기간별손익계산서!$Q:$Q,0)),"✓ 일치","⚠ 확인필요")) | Q10: =IFERROR(IF(I10=0,"",(J10-I10)/ABS(I10)),"")
A11: 상 품 매 출 원 가 | B11: =IFERROR(INDEX(기간별손익계산서!$B:$B,MATCH($O11,기간별손익계산서!$Q:$Q,0)),0) | C11: =IFERROR(INDEX(기간별손익계산서!$C:$N,MATCH($O11,기간별손익계산서!$Q:$Q,0),1),0) | D11: =IFERROR(INDEX(기간별손익계산서!$C:$N,MATCH($O11,기간별손익계산서!$Q:$Q,0),2),0) | E11: =IFERROR(INDEX(기간별손익계산서!$C:$N,MATCH($O11,기간별손익계산서!$Q:$Q,0),3),0) | F11: =IFERROR(INDEX(기간별손익계산서!$C:$N,MATCH($O11,기간별손익계산서!$Q:$Q,0),4),0) | G11: =IFERROR(INDEX(기간별손익계산서!$C:$N,MATCH($O11,기간별손익계산서!$Q:$Q,0),5),0) | H11: =IFERROR(INDEX(기간별손익계산서!$C:$N,MATCH($O11,기간별손익계산서!$Q:$Q,0),6),0) | I11: =IFERROR(INDEX(기간별손익계산서!$C:$N,MATCH($O11,기간별손익계산서!$Q:$Q,0),MONTH(EOMONTH(인덱스!$K$1,-1))),0) | J11: =IFERROR(INDEX(기간별손익계산서!$C:$N,MATCH($O11,기간별손익계산서!$Q:$Q,0),MONTH(인덱스!$K$1)),0) | K11: =J11-I11 | N11: =SUBSTITUTE(A11," ","") | O11: =N11&"|"&COUNTIF($N$7:N11,N11) | P11: =IF($A11="","",IF(ISNUMBER(MATCH($O11,기간별손익계산서!$Q:$Q,0)),"✓ 일치","⚠ 확인필요")) | Q11: =IFERROR(IF(I11=0,"",(J11-I11)/ABS(I11)),"")
A12: 기초 상품 재고액 | B12: =IFERROR(INDEX(기간별손익계산서!$B:$B,MATCH($O12,기간별손익계산서!$Q:$Q,0)),0) | C12: =IFERROR(INDEX(기간별손익계산서!$C:$N,MATCH($O12,기간별손익계산서!$Q:$Q,0),1),0) | D12: =IFERROR(INDEX(기간별손익계산서!$C:$N,MATCH($O12,기간별손익계산서!$Q:$Q,0),2),0) | E12: =IFERROR(INDEX(기간별손익계산서!$C:$N,MATCH($O12,기간별손익계산서!$Q:$Q,0),3),0) | F12: =IFERROR(INDEX(기간별손익계산서!$C:$N,MATCH($O12,기간별손익계산서!$Q:$Q,0),4),0) | G12: =IFERROR(INDEX(기간별손익계산서!$C:$N,MATCH($O12,기간별손익계산서!$Q:$Q,0),5),0) | H12: =IFERROR(INDEX(기간별손익계산서!$C:$N,MATCH($O12,기간별손익계산서!$Q:$Q,0),6),0) | I12: =IFERROR(INDEX(기간별손익계산서!$C:$N,MATCH($O12,기간별손익계산서!$Q:$Q,0),MONTH(EOMONTH(인덱스!$K$1,-1))),0) | J12: =IFERROR(INDEX(기간별손익계산서!$C:$N,MATCH($O12,기간별손익계산서!$Q:$Q,0),MONTH(인덱스!$K$1)),0) | K12: =J12-I12 | N12: =SUBSTITUTE(A12," ","") | O12: =N12&"|"&COUNTIF($N$7:N12,N12) | P12: =IF($A12="","",IF(ISNUMBER(MATCH($O12,기간별손익계산서!$Q:$Q,0)),"✓ 일치","⚠ 확인필요")) | Q12: =IFERROR(IF(I12=0,"",(J12-I12)/ABS(I12)),"")
A13: 당기 상품 매 입 액 | B13: =IFERROR(INDEX(기간별손익계산서!$B:$B,MATCH($O13,기간별손익계산서!$Q:$Q,0)),0) | C13: =IFERROR(INDEX(기간별손익계산서!$C:$N,MATCH($O13,기간별손익계산서!$Q:$Q,0),1),0) | D13: =IFERROR(INDEX(기간별손익계산서!$C:$N,MATCH($O13,기간별손익계산서!$Q:$Q,0),2),0) | E13: =IFERROR(INDEX(기간별손익계산서!$C:$N,MATCH($O13,기간별손익계산서!$Q:$Q,0),3),0) | F13: =IFERROR(INDEX(기간별손익계산서!$C:$N,MATCH($O13,기간별손익계산서!$Q:$Q,0),4),0) | G13: =IFERROR(INDEX(기간별손익계산서!$C:$N,MATCH($O13,기간별손익계산서!$Q:$Q,0),5),0) | H13: =IFERROR(INDEX(기간별손익계산서!$C:$N,MATCH($O13,기간별손익계산서!$Q:$Q,0),6),0) | I13: =IFERROR(INDEX(기간별손익계산서!$C:$N,MATCH($O13,기간별손익계산서!$Q:$Q,0),MONTH(EOMONTH(인덱스!$K$1,-1))),0) | J13: =IFERROR(INDEX(기간별손익계산서!$C:$N,MATCH($O13,기간별손익계산서!$Q:$Q,0),MONTH(인덱스!$K$1)),0) | K13: =J13-I13 | N13: =SUBSTITUTE(A13," ","") | O13: =N13&"|"&COUNTIF($N$7:N13,N13) | P13: =IF($A13="","",IF(ISNUMBER(MATCH($O13,기간별손익계산서!$Q:$Q,0)),"✓ 일치","⚠ 확인필요")) | Q13: =IFERROR(IF(I13=0,"",(J13-I13)/ABS(I13)),"")
A14: 매 입 할 인 | B14: =IFERROR(INDEX(기간별손익계산서!$B:$B,MATCH($O14,기간별손익계산서!$Q:$Q,0)),0) | C14: =IFERROR(INDEX(기간별손익계산서!$C:$N,MATCH($O14,기간별손익계산서!$Q:$Q,0),1),0) | D14: =IFERROR(INDEX(기간별손익계산서!$C:$N,MATCH($O14,기간별손익계산서!$Q:$Q,0),2),0) | E14: =IFERROR(INDEX(기간별손익계산서!$C:$N,MATCH($O14,기간별손익계산서!$Q:$Q,0),3),0) | F14: =IFERROR(INDEX(기간별손익계산서!$C:$N,MATCH($O14,기간별손익계산서!$Q:$Q,0),4),0) | G14: =IFERROR(INDEX(기간별손익계산서!$C:$N,MATCH($O14,기간별손익계산서!$Q:$Q,0),5),0) | H14: =IFERROR(INDEX(기간별손익계산서!$C:$N,MATCH($O14,기간별손익계산서!$Q:$Q,0),6),0) | I14: =IFERROR(INDEX(기간별손익계산서!$C:$N,MATCH($O14,기간별손익계산서!$Q:$Q,0),MONTH(EOMONTH(인덱스!$K$1,-1))),0) | J14: =IFERROR(INDEX(기간별손익계산서!$C:$N,MATCH($O14,기간별손익계산서!$Q:$Q,0),MONTH(인덱스!$K$1)),0) | K14: =J14-I14 | N14: =SUBSTITUTE(A14," ","") | O14: =N14&"|"&COUNTIF($N$7:N14,N14) | P14: =IF($A14="","",IF(ISNUMBER(MATCH($O14,기간별손익계산서!$Q:$Q,0)),"✓ 일치","⚠ 확인필요")) | Q14: =IFERROR(IF(I14=0,"",(J14-I14)/ABS(I14)),"")
A15: 기말 상품 재고액 | B15: =IFERROR(INDEX(기간별손익계산서!$B:$B,MATCH($O15,기간별손익계산서!$Q:$Q,0)),0) | C15: =IFERROR(INDEX(기간별손익계산서!$C:$N,MATCH($O15,기간별손익계산서!$Q:$Q,0),1),0) | D15: =IFERROR(INDEX(기간별손익계산서!$C:$N,MATCH($O15,기간별손익계산서!$Q:$Q,0),2),0) | E15: =IFERROR(INDEX(기간별손익계산서!$C:$N,MATCH($O15,기간별손익계산서!$Q:$Q,0),3),0) | F15: =IFERROR(INDEX(기간별손익계산서!$C:$N,MATCH($O15,기간별손익계산서!$Q:$Q,0),4),0) | G15: =IFERROR(INDEX(기간별손익계산서!$C:$N,MATCH($O15,기간별손익계산서!$Q:$Q,0),5),0) | H15: =IFERROR(INDEX(기간별손익계산서!$C:$N,MATCH($O15,기간별손익계산서!$Q:$Q,0),6),0) | I15: =IFERROR(INDEX(기간별손익계산서!$C:$N,MATCH($O15,기간별손익계산서!$Q:$Q,0),MONTH(EOMONTH(인덱스!$K$1,-1))),0) | J15: =IFERROR(INDEX(기간별손익계산서!$C:$N,MATCH($O15,기간별손익계산서!$Q:$Q,0),MONTH(인덱스!$K$1)),0) | K15: =J15-I15 | N15: =SUBSTITUTE(A15," ","") | O15: =N15&"|"&COUNTIF($N$7:N15,N15) | P15: =IF($A15="","",IF(ISNUMBER(MATCH($O15,기간별손익계산서!$Q:$Q,0)),"✓ 일치","⚠ 확인필요")) | Q15: =IFERROR(IF(I15=0,"",(J15-I15)/ABS(I15)),"")
A16: Ⅲ . 매 출 총 이 익 | B16: =IFERROR(INDEX(기간별손익계산서!$B:$B,MATCH($O16,기간별손익계산서!$Q:$Q,0)),0) | C16: =IFERROR(INDEX(기간별손익계산서!$C:$N,MATCH($O16,기간별손익계산서!$Q:$Q,0),1),0) | D16: =IFERROR(INDEX(기간별손익계산서!$C:$N,MATCH($O16,기간별손익계산서!$Q:$Q,0),2),0) | E16: =IFERROR(INDEX(기간별손익계산서!$C:$N,MATCH($O16,기간별손익계산서!$Q:$Q,0),3),0) | F16: =IFERROR(INDEX(기간별손익계산서!$C:$N,MATCH($O16,기간별손익계산서!$Q:$Q,0),4),0) | G16: =IFERROR(INDEX(기간별손익계산서!$C:$N,MATCH($O16,기간별손익계산서!$Q:$Q,0),5),0) | H16: =IFERROR(INDEX(기간별손익계산서!$C:$N,MATCH($O16,기간별손익계산서!$Q:$Q,0),6),0) | I16: =IFERROR(INDEX(기간별손익계산서!$C:$N,MATCH($O16,기간별손익계산서!$Q:$Q,0),MONTH(EOMONTH(인덱스!$K$1,-1))),0) | J16: =IFERROR(INDEX(기간별손익계산서!$C:$N,MATCH($O16,기간별손익계산서!$Q:$Q,0),MONTH(인덱스!$K$1)),0) | K16: =J16-I16 | L16: =IF(J16-I16>0,"증가",IF(J16-I16=0,"변동없음","감소")) | N16: =SUBSTITUTE(A16," ","") | O16: =N16&"|"&COUNTIF($N$7:N16,N16) | P16: =IF($A16="","",IF(ISNUMBER(MATCH($O16,기간별손익계산서!$Q:$Q,0)),"✓ 일치","⚠ 확인필요")) | Q16: =IFERROR(IF(I16=0,"",(J16-I16)/ABS(I16)),"")
A17: Ⅳ . 판 매 관 리 비 | B17: =IFERROR(INDEX(기간별손익계산서!$B:$B,MATCH($O17,기간별손익계산서!$Q:$Q,0)),0) | C17: =IFERROR(INDEX(기간별손익계산서!$C:$N,MATCH($O17,기간별손익계산서!$Q:$Q,0),1),0) | D17: =IFERROR(INDEX(기간별손익계산서!$C:$N,MATCH($O17,기간별손익계산서!$Q:$Q,0),2),0) | E17: =IFERROR(INDEX(기간별손익계산서!$C:$N,MATCH($O17,기간별손익계산서!$Q:$Q,0),3),0) | F17: =IFERROR(INDEX(기간별손익계산서!$C:$N,MATCH($O17,기간별손익계산서!$Q:$Q,0),4),0) | G17: =IFERROR(INDEX(기간별손익계산서!$C:$N,MATCH($O17,기간별손익계산서!$Q:$Q,0),5),0) | H17: =IFERROR(INDEX(기간별손익계산서!$C:$N,MATCH($O17,기간별손익계산서!$Q:$Q,0),6),0) | I17: =IFERROR(INDEX(기간별손익계산서!$C:$N,MATCH($O17,기간별손익계산서!$Q:$Q,0),MONTH(EOMONTH(인덱스!$K$1,-1))),0) | J17: =IFERROR(INDEX(기간별손익계산서!$C:$N,MATCH($O17,기간별손익계산서!$Q:$Q,0),MONTH(인덱스!$K$1)),0) | K17: =J17-I17 | L17: =IF(J17-I17>0,"증가",IF(J17-I17=0,"변동없음","감소")) | N17: =SUBSTITUTE(A17," ","") | O17: =N17&"|"&COUNTIF($N$7:N17,N17) | P17: =IF($A17="","",IF(ISNUMBER(MATCH($O17,기간별손익계산서!$Q:$Q,0)),"✓ 일치","⚠ 확인필요")) | Q17: =IFERROR(IF(I17=0,"",(J17-I17)/ABS(I17)),"")
A18: 직 원 급 여 | B18: =IFERROR(INDEX(기간별손익계산서!$B:$B,MATCH($O18,기간별손익계산서!$Q:$Q,0)),0) | C18: =IFERROR(INDEX(기간별손익계산서!$C:$N,MATCH($O18,기간별손익계산서!$Q:$Q,0),1),0) | D18: =IFERROR(INDEX(기간별손익계산서!$C:$N,MATCH($O18,기간별손익계산서!$Q:$Q,0),2),0) | E18: =IFERROR(INDEX(기간별손익계산서!$C:$N,MATCH($O18,기간별손익계산서!$Q:$Q,0),3),0) | F18: =IFERROR(INDEX(기간별손익계산서!$C:$N,MATCH($O18,기간별손익계산서!$Q:$Q,0),4),0) | G18: =IFERROR(INDEX(기간별손익계산서!$C:$N,MATCH($O18,기간별손익계산서!$Q:$Q,0),5),0) | H18: =IFERROR(INDEX(기간별손익계산서!$C:$N,MATCH($O18,기간별손익계산서!$Q:$Q,0),6),0) | I18: =IFERROR(INDEX(기간별손익계산서!$C:$N,MATCH($O18,기간별손익계산서!$Q:$Q,0),MONTH(EOMONTH(인덱스!$K$1,-1))),0) | J18: =IFERROR(INDEX(기간별손익계산서!$C:$N,MATCH($O18,기간별손익계산서!$Q:$Q,0),MONTH(인덱스!$K$1)),0) | K18: =J18-I18 | L18: =IF(J18-I18>0,"증가",IF(J18-I18=0,"변동없음","감소")) | M18: 6월: 총36명, 7월: 총36명 | N18: =SUBSTITUTE(A18," ","") | O18: =N18&"|"&COUNTIF($N$7:N18,N18) | P18: =IF($A18="","",IF(ISNUMBER(MATCH($O18,기간별손익계산서!$Q:$Q,0)),"✓ 일치","⚠ 확인필요")) | Q18: =IFERROR(IF(I18=0,"",(J18-I18)/ABS(I18)),"")
A19: 잡 급 | B19: =IFERROR(INDEX(기간별손익계산서!$B:$B,MATCH($O19,기간별손익계산서!$Q:$Q,0)),0) | C19: =IFERROR(INDEX(기간별손익계산서!$C:$N,MATCH($O19,기간별손익계산서!$Q:$Q,0),1),0) | D19: =IFERROR(INDEX(기간별손익계산서!$C:$N,MATCH($O19,기간별손익계산서!$Q:$Q,0),2),0) | E19: =IFERROR(INDEX(기간별손익계산서!$C:$N,MATCH($O19,기간별손익계산서!$Q:$Q,0),3),0) | F19: =IFERROR(INDEX(기간별손익계산서!$C:$N,MATCH($O19,기간별손익계산서!$Q:$Q,0),4),0) | G19: =IFERROR(INDEX(기간별손익계산서!$C:$N,MATCH($O19,기간별손익계산서!$Q:$Q,0),5),0) | H19: =IFERROR(INDEX(기간별손익계산서!$C:$N,MATCH($O19,기간별손익계산서!$Q:$Q,0),6),0) | I19: =IFERROR(INDEX(기간별손익계산서!$C:$N,MATCH($O19,기간별손익계산서!$Q:$Q,0),MONTH(EOMONTH(인덱스!$K$1,-1))),0) | J19: =IFERROR(INDEX(기간별손익계산서!$C:$N,MATCH($O19,기간별손익계산서!$Q:$Q,0),MONTH(인덱스!$K$1)),0) | K19: =J19-I19 | L19: =IF(J19-I19>0,"증가",IF(J19-I19=0,"변동없음","감소")) | N19: =SUBSTITUTE(A19," ","") | O19: =N19&"|"&COUNTIF($N$7:N19,N19) | P19: =IF($A19="","",IF(ISNUMBER(MATCH($O19,기간별손익계산서!$Q:$Q,0)),"✓ 일치","⚠ 확인필요")) | Q19: =IFERROR(IF(I19=0,"",(J19-I19)/ABS(I19)),"")
A20: 상 여 금 | B20: =IFERROR(INDEX(기간별손익계산서!$B:$B,MATCH($O20,기간별손익계산서!$Q:$Q,0)),0) | C20: =IFERROR(INDEX(기간별손익계산서!$C:$N,MATCH($O20,기간별손익계산서!$Q:$Q,0),1),0) | D20: =IFERROR(INDEX(기간별손익계산서!$C:$N,MATCH($O20,기간별손익계산서!$Q:$Q,0),2),0) | E20: =IFERROR(INDEX(기간별손익계산서!$C:$N,MATCH($O20,기간별손익계산서!$Q:$Q,0),3),0) | F20: =IFERROR(INDEX(기간별손익계산서!$C:$N,MATCH($O20,기간별손익계산서!$Q:$Q,0),4),0) | G20: =IFERROR(INDEX(기간별손익계산서!$C:$N,MATCH($O20,기간별손익계산서!$Q:$Q,0),5),0) | H20: =IFERROR(INDEX(기간별손익계산서!$C:$N,MATCH($O20,기간별손익계산서!$Q:$Q,0),6),0) | I20: =IFERROR(INDEX(기간별손익계산서!$C:$N,MATCH($O20,기간별손익계산서!$Q:$Q,0),MONTH(EOMONTH(인덱스!$K$1,-1))),0) | J20: =IFERROR(INDEX(기간별손익계산서!$C:$N,MATCH($O20,기간별손익계산서!$Q:$Q,0),MONTH(인덱스!$K$1)),0) | K20: =J20-I20 | L20: =IF(J20-I20>0,"증가",IF(J20-I20=0,"변동없음","감소")) | N20: =SUBSTITUTE(A20," ","") | O20: =N20&"|"&COUNTIF($N$7:N20,N20) | P20: =IF($A20="","",IF(ISNUMBER(MATCH($O20,기간별손익계산서!$Q:$Q,0)),"✓ 일치","⚠ 확인필요")) | Q20: =IFERROR(IF(I20=0,"",(J20-I20)/ABS(I20)),"")
A21: 퇴 직 급 여 | B21: =IFERROR(INDEX(기간별손익계산서!$B:$B,MATCH($O21,기간별손익계산서!$Q:$Q,0)),0) | C21: =IFERROR(INDEX(기간별손익계산서!$C:$N,MATCH($O21,기간별손익계산서!$Q:$Q,0),1),0) | D21: =IFERROR(INDEX(기간별손익계산서!$C:$N,MATCH($O21,기간별손익계산서!$Q:$Q,0),2),0) | E21: =IFERROR(INDEX(기간별손익계산서!$C:$N,MATCH($O21,기간별손익계산서!$Q:$Q,0),3),0) | F21: =IFERROR(INDEX(기간별손익계산서!$C:$N,MATCH($O21,기간별손익계산서!$Q:$Q,0),4),0) | G21: =IFERROR(INDEX(기간별손익계산서!$C:$N,MATCH($O21,기간별손익계산서!$Q:$Q,0),5),0) | H21: =IFERROR(INDEX(기간별손익계산서!$C:$N,MATCH($O21,기간별손익계산서!$Q:$Q,0),6),0) | I21: =IFERROR(INDEX(기간별손익계산서!$C:$N,MATCH($O21,기간별손익계산서!$Q:$Q,0),MONTH(EOMONTH(인덱스!$K$1,-1))),0) | J21: =IFERROR(INDEX(기간별손익계산서!$C:$N,MATCH($O21,기간별손익계산서!$Q:$Q,0),MONTH(인덱스!$K$1)),0) | K21: =J21-I21 | L21: =IF(J21-I21>0,"증가",IF(J21-I21=0,"변동없음","감소")) | M21: 6월:상반기 퇴직연금 불입 | N21: =SUBSTITUTE(A21," ","") | O21: =N21&"|"&COUNTIF($N$7:N21,N21) | P21: =IF($A21="","",IF(ISNUMBER(MATCH($O21,기간별손익계산서!$Q:$Q,0)),"✓ 일치","⚠ 확인필요")) | Q21: =IFERROR(IF(I21=0,"",(J21-I21)/ABS(I21)),"")
A22: 복 리 후 생 비 | B22: =IFERROR(INDEX(기간별손익계산서!$B:$B,MATCH($O22,기간별손익계산서!$Q:$Q,0)),0) | C22: =IFERROR(INDEX(기간별손익계산서!$C:$N,MATCH($O22,기간별손익계산서!$Q:$Q,0),1),0) | D22: =IFERROR(INDEX(기간별손익계산서!$C:$N,MATCH($O22,기간별손익계산서!$Q:$Q,0),2),0) | E22: =IFERROR(INDEX(기간별손익계산서!$C:$N,MATCH($O22,기간별손익계산서!$Q:$Q,0),3),0) | F22: =IFERROR(INDEX(기간별손익계산서!$C:$N,MATCH($O22,기간별손익계산서!$Q:$Q,0),4),0) | G22: =IFERROR(INDEX(기간별손익계산서!$C:$N,MATCH($O22,기간별손익계산서!$Q:$Q,0),5),0) | H22: =IFERROR(INDEX(기간별손익계산서!$C:$N,MATCH($O22,기간별손익계산서!$Q:$Q,0),6),0) | I22: =IFERROR(INDEX(기간별손익계산서!$C:$N,MATCH($O22,기간별손익계산서!$Q:$Q,0),MONTH(EOMONTH(인덱스!$K$1,-1))),0) | J22: =IFERROR(INDEX(기간별손익계산서!$C:$N,MATCH($O22,기간별손익계산서!$Q:$Q,0),MONTH(인덱스!$K$1)),0) | K22: =J22-I22 | L22: =IF(J22-I22>0,"증가",IF(J22-I22=0,"변동없음","감소")) | M22: 건강(요양)보험 회사부담금 | N22: =SUBSTITUTE(A22," ","") | O22: =N22&"|"&COUNTIF($N$7:N22,N22) | P22: =IF($A22="","",IF(ISNUMBER(MATCH($O22,기간별손익계산서!$Q:$Q,0)),"✓ 일치","⚠ 확인필요")) | Q22: =IFERROR(IF(I22=0,"",(J22-I22)/ABS(I22)),"")
A23: 여 비 교 통 비 | B23: =IFERROR(INDEX(기간별손익계산서!$B:$B,MATCH($O23,기간별손익계산서!$Q:$Q,0)),0) | C23: =IFERROR(INDEX(기간별손익계산서!$C:$N,MATCH($O23,기간별손익계산서!$Q:$Q,0),1),0) | D23: =IFERROR(INDEX(기간별손익계산서!$C:$N,MATCH($O23,기간별손익계산서!$Q:$Q,0),2),0) | E23: =IFERROR(INDEX(기간별손익계산서!$C:$N,MATCH($O23,기간별손익계산서!$Q:$Q,0),3),0) | F23: =IFERROR(INDEX(기간별손익계산서!$C:$N,MATCH($O23,기간별손익계산서!$Q:$Q,0),4),0) | G23: =IFERROR(INDEX(기간별손익계산서!$C:$N,MATCH($O23,기간별손익계산서!$Q:$Q,0),5),0) | H23: =IFERROR(INDEX(기간별손익계산서!$C:$N,MATCH($O23,기간별손익계산서!$Q:$Q,0),6),0) | I23: =IFERROR(INDEX(기간별손익계산서!$C:$N,MATCH($O23,기간별손익계산서!$Q:$Q,0),MONTH(EOMONTH(인덱스!$K$1,-1))),0) | J23: =IFERROR(INDEX(기간별손익계산서!$C:$N,MATCH($O23,기간별손익계산서!$Q:$Q,0),MONTH(인덱스!$K$1)),0) | K23: =J23-I23 | L23: =IF(J23-I23>0,"증가",IF(J23-I23=0,"변동없음","감소")) | M23: 출장경비 | N23: =SUBSTITUTE(A23," ","") | O23: =N23&"|"&COUNTIF($N$7:N23,N23) | P23: =IF($A23="","",IF(ISNUMBER(MATCH($O23,기간별손익계산서!$Q:$Q,0)),"✓ 일치","⚠ 확인필요")) | Q23: =IFERROR(IF(I23=0,"",(J23-I23)/ABS(I23)),"")
A24: 접 대 비 | B24: =IFERROR(INDEX(기간별손익계산서!$B:$B,MATCH($O24,기간별손익계산서!$Q:$Q,0)),0) | C24: =IFERROR(INDEX(기간별손익계산서!$C:$N,MATCH($O24,기간별손익계산서!$Q:$Q,0),1),0) | D24: =IFERROR(INDEX(기간별손익계산서!$C:$N,MATCH($O24,기간별손익계산서!$Q:$Q,0),2),0) | E24: =IFERROR(INDEX(기간별손익계산서!$C:$N,MATCH($O24,기간별손익계산서!$Q:$Q,0),3),0) | F24: =IFERROR(INDEX(기간별손익계산서!$C:$N,MATCH($O24,기간별손익계산서!$Q:$Q,0),4),0) | G24: =IFERROR(INDEX(기간별손익계산서!$C:$N,MATCH($O24,기간별손익계산서!$Q:$Q,0),5),0) | H24: =IFERROR(INDEX(기간별손익계산서!$C:$N,MATCH($O24,기간별손익계산서!$Q:$Q,0),6),0) | I24: =IFERROR(INDEX(기간별손익계산서!$C:$N,MATCH($O24,기간별손익계산서!$Q:$Q,0),MONTH(EOMONTH(인덱스!$K$1,-1))),0) | J24: =IFERROR(INDEX(기간별손익계산서!$C:$N,MATCH($O24,기간별손익계산서!$Q:$Q,0),MONTH(인덱스!$K$1)),0) | K24: =J24-I24 | L24: =IF(J24-I24>0,"증가",IF(J24-I24=0,"변동없음","감소")) | N24: =SUBSTITUTE(A24," ","") | O24: =N24&"|"&COUNTIF($N$7:N24,N24) | P24: =IF($A24="","",IF(ISNUMBER(MATCH($O24,기간별손익계산서!$Q:$Q,0)),"✓ 일치","⚠ 확인필요")) | Q24: =IFERROR(IF(I24=0,"",(J24-I24)/ABS(I24)),"")
A25: 통 신 비 | B25: =IFERROR(INDEX(기간별손익계산서!$B:$B,MATCH($O25,기간별손익계산서!$Q:$Q,0)),0) | C25: =IFERROR(INDEX(기간별손익계산서!$C:$N,MATCH($O25,기간별손익계산서!$Q:$Q,0),1),0) | D25: =IFERROR(INDEX(기간별손익계산서!$C:$N,MATCH($O25,기간별손익계산서!$Q:$Q,0),2),0) | E25: =IFERROR(INDEX(기간별손익계산서!$C:$N,MATCH($O25,기간별손익계산서!$Q:$Q,0),3),0) | F25: =IFERROR(INDEX(기간별손익계산서!$C:$N,MATCH($O25,기간별손익계산서!$Q:$Q,0),4),0) | G25: =IFERROR(INDEX(기간별손익계산서!$C:$N,MATCH($O25,기간별손익계산서!$Q:$Q,0),5),0) | H25: =IFERROR(INDEX(기간별손익계산서!$C:$N,MATCH($O25,기간별손익계산서!$Q:$Q,0),6),0) | I25: =IFERROR(INDEX(기간별손익계산서!$C:$N,MATCH($O25,기간별손익계산서!$Q:$Q,0),MONTH(EOMONTH(인덱스!$K$1,-1))),0) | J25: =IFERROR(INDEX(기간별손익계산서!$C:$N,MATCH($O25,기간별손익계산서!$Q:$Q,0),MONTH(인덱스!$K$1)),0) | K25: =J25-I25 | L25: =IF(J25-I25>0,"증가",IF(J25-I25=0,"변동없음","감소")) | M25: 전지사 전화/인터넷요금, 개인별 휴대폰 지원금, 우편등기외 | N25: =SUBSTITUTE(A25," ","") | O25: =N25&"|"&COUNTIF($N$7:N25,N25) | P25: =IF($A25="","",IF(ISNUMBER(MATCH($O25,기간별손익계산서!$Q:$Q,0)),"✓ 일치","⚠ 확인필요")) | Q25: =IFERROR(IF(I25=0,"",(J25-I25)/ABS(I25)),"")
A26: 수 도 광 열 비 | B26: =IFERROR(INDEX(기간별손익계산서!$B:$B,MATCH($O26,기간별손익계산서!$Q:$Q,0)),0) | C26: =IFERROR(INDEX(기간별손익계산서!$C:$N,MATCH($O26,기간별손익계산서!$Q:$Q,0),1),0) | D26: =IFERROR(INDEX(기간별손익계산서!$C:$N,MATCH($O26,기간별손익계산서!$Q:$Q,0),2),0) | E26: =IFERROR(INDEX(기간별손익계산서!$C:$N,MATCH($O26,기간별손익계산서!$Q:$Q,0),3),0) | F26: =IFERROR(INDEX(기간별손익계산서!$C:$N,MATCH($O26,기간별손익계산서!$Q:$Q,0),4),0) | G26: =IFERROR(INDEX(기간별손익계산서!$C:$N,MATCH($O26,기간별손익계산서!$Q:$Q,0),5),0) | H26: =IFERROR(INDEX(기간별손익계산서!$C:$N,MATCH($O26,기간별손익계산서!$Q:$Q,0),6),0) | I26: =IFERROR(INDEX(기간별손익계산서!$C:$N,MATCH($O26,기간별손익계산서!$Q:$Q,0),MONTH(EOMONTH(인덱스!$K$1,-1))),0) | J26: =IFERROR(INDEX(기간별손익계산서!$C:$N,MATCH($O26,기간별손익계산서!$Q:$Q,0),MONTH(인덱스!$K$1)),0) | K26: =J26-I26 | L26: =IF(J26-I26>0,"증가",IF(J26-I26=0,"변동없음","감소")) | M26: 전지사 수도광열비 | N26: =SUBSTITUTE(A26," ","") | O26: =N26&"|"&COUNTIF($N$7:N26,N26) | P26: =IF($A26="","",IF(ISNUMBER(MATCH($O26,기간별손익계산서!$Q:$Q,0)),"✓ 일치","⚠ 확인필요")) | Q26: =IFERROR(IF(I26=0,"",(J26-I26)/ABS(I26)),"")
A27: 전 력 비 | B27: =IFERROR(INDEX(기간별손익계산서!$B:$B,MATCH($O27,기간별손익계산서!$Q:$Q,0)),0) | C27: =IFERROR(INDEX(기간별손익계산서!$C:$N,MATCH($O27,기간별손익계산서!$Q:$Q,0),1),0) | D27: =IFERROR(INDEX(기간별손익계산서!$C:$N,MATCH($O27,기간별손익계산서!$Q:$Q,0),2),0) | E27: =IFERROR(INDEX(기간별손익계산서!$C:$N,MATCH($O27,기간별손익계산서!$Q:$Q,0),3),0) | F27: =IFERROR(INDEX(기간별손익계산서!$C:$N,MATCH($O27,기간별손익계산서!$Q:$Q,0),4),0) | G27: =IFERROR(INDEX(기간별손익계산서!$C:$N,MATCH($O27,기간별손익계산서!$Q:$Q,0),5),0) | H27: =IFERROR(INDEX(기간별손익계산서!$C:$N,MATCH($O27,기간별손익계산서!$Q:$Q,0),6),0) | I27: =IFERROR(INDEX(기간별손익계산서!$C:$N,MATCH($O27,기간별손익계산서!$Q:$Q,0),MONTH(EOMONTH(인덱스!$K$1,-1))),0) | J27: =IFERROR(INDEX(기간별손익계산서!$C:$N,MATCH($O27,기간별손익계산서!$Q:$Q,0),MONTH(인덱스!$K$1)),0) | K27: =J27-I27 | L27: =IF(J27-I27>0,"증가",IF(J27-I27=0,"변동없음","감소")) | M27: 전지사 전기요금 | N27: =SUBSTITUTE(A27," ","") | O27: =N27&"|"&COUNTIF($N$7:N27,N27) | P27: =IF($A27="","",IF(ISNUMBER(MATCH($O27,기간별손익계산서!$Q:$Q,0)),"✓ 일치","⚠ 확인필요")) | Q27: =IFERROR(IF(I27=0,"",(J27-I27)/ABS(I27)),"")
A28: 세 금 과 공 과 금 | B28: =IFERROR(INDEX(기간별손익계산서!$B:$B,MATCH($O28,기간별손익계산서!$Q:$Q,0)),0) | C28: =IFERROR(INDEX(기간별손익계산서!$C:$N,MATCH($O28,기간별손익계산서!$Q:$Q,0),1),0) | D28: =IFERROR(INDEX(기간별손익계산서!$C:$N,MATCH($O28,기간별손익계산서!$Q:$Q,0),2),0) | E28: =IFERROR(INDEX(기간별손익계산서!$C:$N,MATCH($O28,기간별손익계산서!$Q:$Q,0),3),0) | F28: =IFERROR(INDEX(기간별손익계산서!$C:$N,MATCH($O28,기간별손익계산서!$Q:$Q,0),4),0) | G28: =IFERROR(INDEX(기간별손익계산서!$C:$N,MATCH($O28,기간별손익계산서!$Q:$Q,0),5),0) | H28: =IFERROR(INDEX(기간별손익계산서!$C:$N,MATCH($O28,기간별손익계산서!$Q:$Q,0),6),0) | I28: =IFERROR(INDEX(기간별손익계산서!$C:$N,MATCH($O28,기간별손익계산서!$Q:$Q,0),MONTH(EOMONTH(인덱스!$K$1,-1))),0) | J28: =IFERROR(INDEX(기간별손익계산서!$C:$N,MATCH($O28,기간별손익계산서!$Q:$Q,0),MONTH(인덱스!$K$1)),0) | K28: =J28-I28 | L28: =IF(J28-I28>0,"증가",IF(J28-I28=0,"변동없음","감소")) | M28: 국민연금 회사부담금, 자동차세 | N28: =SUBSTITUTE(A28," ","") | O28: =N28&"|"&COUNTIF($N$7:N28,N28) | P28: =IF($A28="","",IF(ISNUMBER(MATCH($O28,기간별손익계산서!$Q:$Q,0)),"✓ 일치","⚠ 확인필요")) | Q28: =IFERROR(IF(I28=0,"",(J28-I28)/ABS(I28)),"")
A29: 감 가 상 각 비 | B29: =IFERROR(INDEX(기간별손익계산서!$B:$B,MATCH($O29,기간별손익계산서!$Q:$Q,0)),0) | C29: =IFERROR(INDEX(기간별손익계산서!$C:$N,MATCH($O29,기간별손익계산서!$Q:$Q,0),1),0) | D29: =IFERROR(INDEX(기간별손익계산서!$C:$N,MATCH($O29,기간별손익계산서!$Q:$Q,0),2),0) | E29: =IFERROR(INDEX(기간별손익계산서!$C:$N,MATCH($O29,기간별손익계산서!$Q:$Q,0),3),0) | F29: =IFERROR(INDEX(기간별손익계산서!$C:$N,MATCH($O29,기간별손익계산서!$Q:$Q,0),4),0) | G29: =IFERROR(INDEX(기간별손익계산서!$C:$N,MATCH($O29,기간별손익계산서!$Q:$Q,0),5),0) | H29: =IFERROR(INDEX(기간별손익계산서!$C:$N,MATCH($O29,기간별손익계산서!$Q:$Q,0),6),0) | I29: =IFERROR(INDEX(기간별손익계산서!$C:$N,MATCH($O29,기간별손익계산서!$Q:$Q,0),MONTH(EOMONTH(인덱스!$K$1,-1))),0) | J29: =IFERROR(INDEX(기간별손익계산서!$C:$N,MATCH($O29,기간별손익계산서!$Q:$Q,0),MONTH(인덱스!$K$1)),0) | K29: =J29-I29 | L29: =IF(J29-I29>0,"증가",IF(J29-I29=0,"변동없음","감소")) | M29: 유형자산(건물, 차량, 기계장치, 비품) 감가상각 | N29: =SUBSTITUTE(A29," ","") | O29: =N29&"|"&COUNTIF($N$7:N29,N29) | P29: =IF($A29="","",IF(ISNUMBER(MATCH($O29,기간별손익계산서!$Q:$Q,0)),"✓ 일치","⚠ 확인필요")) | Q29: =IFERROR(IF(I29=0,"",(J29-I29)/ABS(I29)),"")
A30: 지 급 임 차 료 | B30: =IFERROR(INDEX(기간별손익계산서!$B:$B,MATCH($O30,기간별손익계산서!$Q:$Q,0)),0) | C30: =IFERROR(INDEX(기간별손익계산서!$C:$N,MATCH($O30,기간별손익계산서!$Q:$Q,0),1),0) | D30: =IFERROR(INDEX(기간별손익계산서!$C:$N,MATCH($O30,기간별손익계산서!$Q:$Q,0),2),0) | E30: =IFERROR(INDEX(기간별손익계산서!$C:$N,MATCH($O30,기간별손익계산서!$Q:$Q,0),3),0) | F30: =IFERROR(INDEX(기간별손익계산서!$C:$N,MATCH($O30,기간별손익계산서!$Q:$Q,0),4),0) | G30: =IFERROR(INDEX(기간별손익계산서!$C:$N,MATCH($O30,기간별손익계산서!$Q:$Q,0),5),0) | H30: =IFERROR(INDEX(기간별손익계산서!$C:$N,MATCH($O30,기간별손익계산서!$Q:$Q,0),6),0) | I30: =IFERROR(INDEX(기간별손익계산서!$C:$N,MATCH($O30,기간별손익계산서!$Q:$Q,0),MONTH(EOMONTH(인덱스!$K$1,-1))),0) | J30: =IFERROR(INDEX(기간별손익계산서!$C:$N,MATCH($O30,기간별손익계산서!$Q:$Q,0),MONTH(인덱스!$K$1)),0) | K30: =J30-I30 | L30: =IF(J30-I30>0,"증가",IF(J30-I30=0,"변동없음","감소")) | M30: 구리본사:100만원, 강북:500만원, 강서:450만원, 영남:300만원 | N30: =SUBSTITUTE(A30," ","") | O30: =N30&"|"&COUNTIF($N$7:N30,N30) | P30: =IF($A30="","",IF(ISNUMBER(MATCH($O30,기간별손익계산서!$Q:$Q,0)),"✓ 일치","⚠ 확인필요")) | Q30: =IFERROR(IF(I30=0,"",(J30-I30)/ABS(I30)),"")
A31: 보 험 료 | B31: =IFERROR(INDEX(기간별손익계산서!$B:$B,MATCH($O31,기간별손익계산서!$Q:$Q,0)),0) | C31: =IFERROR(INDEX(기간별손익계산서!$C:$N,MATCH($O31,기간별손익계산서!$Q:$Q,0),1),0) | D31: =IFERROR(INDEX(기간별손익계산서!$C:$N,MATCH($O31,기간별손익계산서!$Q:$Q,0),2),0) | E31: =IFERROR(INDEX(기간별손익계산서!$C:$N,MATCH($O31,기간별손익계산서!$Q:$Q,0),3),0) | F31: =IFERROR(INDEX(기간별손익계산서!$C:$N,MATCH($O31,기간별손익계산서!$Q:$Q,0),4),0) | G31: =IFERROR(INDEX(기간별손익계산서!$C:$N,MATCH($O31,기간별손익계산서!$Q:$Q,0),5),0) | H31: =IFERROR(INDEX(기간별손익계산서!$C:$N,MATCH($O31,기간별손익계산서!$Q:$Q,0),6),0) | I31: =IFERROR(INDEX(기간별손익계산서!$C:$N,MATCH($O31,기간별손익계산서!$Q:$Q,0),MONTH(EOMONTH(인덱스!$K$1,-1))),0) | J31: =IFERROR(INDEX(기간별손익계산서!$C:$N,MATCH($O31,기간별손익계산서!$Q:$Q,0),MONTH(인덱스!$K$1)),0) | K31: =J31-I31 | L31: =IF(J31-I31>0,"증가",IF(J31-I31=0,"변동없음","감소")) | M31: 고용/산재보험료, 차량보험료 | N31: =SUBSTITUTE(A31," ","") | O31: =N31&"|"&COUNTIF($N$7:N31,N31) | P31: =IF($A31="","",IF(ISNUMBER(MATCH($O31,기간별손익계산서!$Q:$Q,0)),"✓ 일치","⚠ 확인필요")) | Q31: =IFERROR(IF(I31=0,"",(J31-I31)/ABS(I31)),"")
A32: 차 량 유 지 비 | B32: =IFERROR(INDEX(기간별손익계산서!$B:$B,MATCH($O32,기간별손익계산서!$Q:$Q,0)),0) | C32: =IFERROR(INDEX(기간별손익계산서!$C:$N,MATCH($O32,기간별손익계산서!$Q:$Q,0),1),0) | D32: =IFERROR(INDEX(기간별손익계산서!$C:$N,MATCH($O32,기간별손익계산서!$Q:$Q,0),2),0) | E32: =IFERROR(INDEX(기간별손익계산서!$C:$N,MATCH($O32,기간별손익계산서!$Q:$Q,0),3),0) | F32: =IFERROR(INDEX(기간별손익계산서!$C:$N,MATCH($O32,기간별손익계산서!$Q:$Q,0),4),0) | G32: =IFERROR(INDEX(기간별손익계산서!$C:$N,MATCH($O32,기간별손익계산서!$Q:$Q,0),5),0) | H32: =IFERROR(INDEX(기간별손익계산서!$C:$N,MATCH($O32,기간별손익계산서!$Q:$Q,0),6),0) | I32: =IFERROR(INDEX(기간별손익계산서!$C:$N,MATCH($O32,기간별손익계산서!$Q:$Q,0),MONTH(EOMONTH(인덱스!$K$1,-1))),0) | J32: =IFERROR(INDEX(기간별손익계산서!$C:$N,MATCH($O32,기간별손익계산서!$Q:$Q,0),MONTH(인덱스!$K$1)),0) | K32: =J32-I32 | L32: =IF(J32-I32>0,"증가",IF(J32-I32=0,"변동없음","감소")) | M32: 차량주유비, 수리비, 통행료, 주차비외 <차량별 비용분석자료 참고> | N32: =SUBSTITUTE(A32," ","") | O32: =N32&"|"&COUNTIF($N$7:N32,N32) | P32: =IF($A32="","",IF(ISNUMBER(MATCH($O32,기간별손익계산서!$Q:$Q,0)),"✓ 일치","⚠ 확인필요")) | Q32: =IFERROR(IF(I32=0,"",(J32-I32)/ABS(I32)),"")
A33: 운 반 비 | B33: =IFERROR(INDEX(기간별손익계산서!$B:$B,MATCH($O33,기간별손익계산서!$Q:$Q,0)),0) | C33: =IFERROR(INDEX(기간별손익계산서!$C:$N,MATCH($O33,기간별손익계산서!$Q:$Q,0),1),0) | D33: =IFERROR(INDEX(기간별손익계산서!$C:$N,MATCH($O33,기간별손익계산서!$Q:$Q,0),2),0) | E33: =IFERROR(INDEX(기간별손익계산서!$C:$N,MATCH($O33,기간별손익계산서!$Q:$Q,0),3),0) | F33: =IFERROR(INDEX(기간별손익계산서!$C:$N,MATCH($O33,기간별손익계산서!$Q:$Q,0),4),0) | G33: =IFERROR(INDEX(기간별손익계산서!$C:$N,MATCH($O33,기간별손익계산서!$Q:$Q,0),5),0) | H33: =IFERROR(INDEX(기간별손익계산서!$C:$N,MATCH($O33,기간별손익계산서!$Q:$Q,0),6),0) | I33: =IFERROR(INDEX(기간별손익계산서!$C:$N,MATCH($O33,기간별손익계산서!$Q:$Q,0),MONTH(EOMONTH(인덱스!$K$1,-1))),0) | J33: =IFERROR(INDEX(기간별손익계산서!$C:$N,MATCH($O33,기간별손익계산서!$Q:$Q,0),MONTH(인덱스!$K$1)),0) | K33: =J33-I33 | L33: =IF(J33-I33>0,"증가",IF(J33-I33=0,"변동없음","감소")) | M33: 본사전담택배, 퀵, 택배, 화물외 <개인별 운송비 분석자료 참고> | N33: =SUBSTITUTE(A33," ","") | O33: =N33&"|"&COUNTIF($N$7:N33,N33) | P33: =IF($A33="","",IF(ISNUMBER(MATCH($O33,기간별손익계산서!$Q:$Q,0)),"✓ 일치","⚠ 확인필요")) | Q33: =IFERROR(IF(I33=0,"",(J33-I33)/ABS(I33)),"")
A34: 포 장 비 | B34: =IFERROR(INDEX(기간별손익계산서!$B:$B,MATCH($O34,기간별손익계산서!$Q:$Q,0)),0) | C34: =IFERROR(INDEX(기간별손익계산서!$C:$N,MATCH($O34,기간별손익계산서!$Q:$Q,0),1),0) | D34: =IFERROR(INDEX(기간별손익계산서!$C:$N,MATCH($O34,기간별손익계산서!$Q:$Q,0),2),0) | E34: =IFERROR(INDEX(기간별손익계산서!$C:$N,MATCH($O34,기간별손익계산서!$Q:$Q,0),3),0) | F34: =IFERROR(INDEX(기간별손익계산서!$C:$N,MATCH($O34,기간별손익계산서!$Q:$Q,0),4),0) | G34: =IFERROR(INDEX(기간별손익계산서!$C:$N,MATCH($O34,기간별손익계산서!$Q:$Q,0),5),0) | H34: =IFERROR(INDEX(기간별손익계산서!$C:$N,MATCH($O34,기간별손익계산서!$Q:$Q,0),6),0) | I34: =IFERROR(INDEX(기간별손익계산서!$C:$N,MATCH($O34,기간별손익계산서!$Q:$Q,0),MONTH(EOMONTH(인덱스!$K$1,-1))),0) | J34: =IFERROR(INDEX(기간별손익계산서!$C:$N,MATCH($O34,기간별손익계산서!$Q:$Q,0),MONTH(인덱스!$K$1)),0) | K34: =J34-I34 | L34: =IF(J34-I34>0,"증가",IF(J34-I34=0,"변동없음","감소")) | M34: 수출포장료 | N34: =SUBSTITUTE(A34," ","") | O34: =N34&"|"&COUNTIF($N$7:N34,N34) | P34: =IF($A34="","",IF(ISNUMBER(MATCH($O34,기간별손익계산서!$Q:$Q,0)),"✓ 일치","⚠ 확인필요")) | Q34: =IFERROR(IF(I34=0,"",(J34-I34)/ABS(I34)),"")
A35: 소 모 품 비 | B35: =IFERROR(INDEX(기간별손익계산서!$B:$B,MATCH($O35,기간별손익계산서!$Q:$Q,0)),0) | C35: =IFERROR(INDEX(기간별손익계산서!$C:$N,MATCH($O35,기간별손익계산서!$Q:$Q,0),1),0) | D35: =IFERROR(INDEX(기간별손익계산서!$C:$N,MATCH($O35,기간별손익계산서!$Q:$Q,0),2),0) | E35: =IFERROR(INDEX(기간별손익계산서!$C:$N,MATCH($O35,기간별손익계산서!$Q:$Q,0),3),0) | F35: =IFERROR(INDEX(기간별손익계산서!$C:$N,MATCH($O35,기간별손익계산서!$Q:$Q,0),4),0) | G35: =IFERROR(INDEX(기간별손익계산서!$C:$N,MATCH($O35,기간별손익계산서!$Q:$Q,0),5),0) | H35: =IFERROR(INDEX(기간별손익계산서!$C:$N,MATCH($O35,기간별손익계산서!$Q:$Q,0),6),0) | I35: =IFERROR(INDEX(기간별손익계산서!$C:$N,MATCH($O35,기간별손익계산서!$Q:$Q,0),MONTH(EOMONTH(인덱스!$K$1,-1))),0) | J35: =IFERROR(INDEX(기간별손익계산서!$C:$N,MATCH($O35,기간별손익계산서!$Q:$Q,0),MONTH(인덱스!$K$1)),0) | K35: =J35-I35 | L35: =IF(J35-I35>0,"증가",IF(J35-I35=0,"변동없음","감소")) | M35: 전지사 소모품비 | N35: =SUBSTITUTE(A35," ","") | O35: =N35&"|"&COUNTIF($N$7:N35,N35) | P35: =IF($A35="","",IF(ISNUMBER(MATCH($O35,기간별손익계산서!$Q:$Q,0)),"✓ 일치","⚠ 확인필요")) | Q35: =IFERROR(IF(I35=0,"",(J35-I35)/ABS(I35)),"")
A36: 지 급 수 수 료 | B36: =IFERROR(INDEX(기간별손익계산서!$B:$B,MATCH($O36,기간별손익계산서!$Q:$Q,0)),0) | C36: =IFERROR(INDEX(기간별손익계산서!$C:$N,MATCH($O36,기간별손익계산서!$Q:$Q,0),1),0) | D36: =IFERROR(INDEX(기간별손익계산서!$C:$N,MATCH($O36,기간별손익계산서!$Q:$Q,0),2),0) | E36: =IFERROR(INDEX(기간별손익계산서!$C:$N,MATCH($O36,기간별손익계산서!$Q:$Q,0),3),0) | F36: =IFERROR(INDEX(기간별손익계산서!$C:$N,MATCH($O36,기간별손익계산서!$Q:$Q,0),4),0) | G36: =IFERROR(INDEX(기간별손익계산서!$C:$N,MATCH($O36,기간별손익계산서!$Q:$Q,0),5),0) | H36: =IFERROR(INDEX(기간별손익계산서!$C:$N,MATCH($O36,기간별손익계산서!$Q:$Q,0),6),0) | I36: =IFERROR(INDEX(기간별손익계산서!$C:$N,MATCH($O36,기간별손익계산서!$Q:$Q,0),MONTH(EOMONTH(인덱스!$K$1,-1))),0) | J36: =IFERROR(INDEX(기간별손익계산서!$C:$N,MATCH($O36,기간별손익계산서!$Q:$Q,0),MONTH(인덱스!$K$1)),0) | K36: =J36-I36 | L36: =IF(J36-I36>0,"증가",IF(J36-I36=0,"변동없음","감소")) | M36: 카드수수료, 차량렌트료(6대), 기타외 | N36: =SUBSTITUTE(A36," ","") | O36: =N36&"|"&COUNTIF($N$7:N36,N36) | P36: =IF($A36="","",IF(ISNUMBER(MATCH($O36,기간별손익계산서!$Q:$Q,0)),"✓ 일치","⚠ 확인필요")) | Q36: =IFERROR(IF(I36=0,"",(J36-I36)/ABS(I36)),"")
... A38: 수 출 제 비 용 | B38: =IFERROR(INDEX(기간별손익계산서!$B:$B,MATCH($O38,기간별손익계산서!$Q:$Q,0)),0) | C38: =IFERROR(INDEX(기간별손익계산서!$C:$N,MATCH($O38,기간별손익계산서!$Q:$Q,0),1),0) | D38: =IFERROR(INDEX(기간별손익계산서!$C:$N,MATCH($O38,기간별손익계산서!$Q:$Q,0),2),0) | E38: =IFERROR(INDEX(기간별손익계산서!$C:$N,MATCH($O38,기간별손익계산서!$Q:$Q,0),3),0) | F38: =IFERROR(INDEX(기간별손익계산서!$C:$N,MATCH($O38,기간별손익계산서!$Q:$Q,0),4),0) | G38: =IFERROR(INDEX(기간별손익계산서!$C:$N,MATCH($O38,기간별손익계산서!$Q:$Q,0),5),0) | H38: =IFERROR(INDEX(기간별손익계산서!$C:$N,MATCH($O38,기간별손익계산서!$Q:$Q,0),6),0) | I38: =IFERROR(INDEX(기간별손익계산서!$C:$N,MATCH($O38,기간별손익계산서!$Q:$Q,0),MONTH(EOMONTH(인덱스!$K$1,-1))),0) | J38: =IFERROR(INDEX(기간별손익계산서!$C:$N,MATCH($O38,기간별손익계산서!$Q:$Q,0),MONTH(인덱스!$K$1)),0) | K38: =J38-I38 | L38: =IF(J38-I38>0,"증가",IF(J38-I38=0,"변동없음","감소")) | M38: 수출입통관 | N38: =SUBSTITUTE(A38," ","") | O38: =N38&"|"&COUNTIF($N$7:N38,N38) | P38: =IF($A38="","",IF(ISNUMBER(MATCH($O38,기간별손익계산서!$Q:$Q,0)),"✓ 일치","⚠ 확인필요")) | Q38: =IFERROR(IF(I38=0,"",(J38-I38)/ABS(I38)),"")
A39: Ⅴ . 영 업 이 익 | B39: =IFERROR(INDEX(기간별손익계산서!$B:$B,MATCH($O39,기간별손익계산서!$Q:$Q,0)),0) | C39: =IFERROR(INDEX(기간별손익계산서!$C:$N,MATCH($O39,기간별손익계산서!$Q:$Q,0),1),0) | D39: =IFERROR(INDEX(기간별손익계산서!$C:$N,MATCH($O39,기간별손익계산서!$Q:$Q,0),2),0) | E39: =IFERROR(INDEX(기간별손익계산서!$C:$N,MATCH($O39,기간별손익계산서!$Q:$Q,0),3),0) | F39: =IFERROR(INDEX(기간별손익계산서!$C:$N,MATCH($O39,기간별손익계산서!$Q:$Q,0),4),0) | G39: =IFERROR(INDEX(기간별손익계산서!$C:$N,MATCH($O39,기간별손익계산서!$Q:$Q,0),5),0) | H39: =IFERROR(INDEX(기간별손익계산서!$C:$N,MATCH($O39,기간별손익계산서!$Q:$Q,0),6),0) | I39: =IFERROR(INDEX(기간별손익계산서!$C:$N,MATCH($O39,기간별손익계산서!$Q:$Q,0),MONTH(EOMONTH(인덱스!$K$1,-1))),0) | J39: =IFERROR(INDEX(기간별손익계산서!$C:$N,MATCH($O39,기간별손익계산서!$Q:$Q,0),MONTH(인덱스!$K$1)),0) | K39: =J39-I39 | L39: =IF(J39-I39>0,"증가",IF(J39-I39=0,"변동없음","감소")) | N39: =SUBSTITUTE(A39," ","") | O39: =N39&"|"&COUNTIF($N$7:N39,N39) | P39: =IF($A39="","",IF(ISNUMBER(MATCH($O39,기간별손익계산서!$Q:$Q,0)),"✓ 일치","⚠ 확인필요")) | Q39: =IFERROR(IF(I39=0,"",(J39-I39)/ABS(I39)),"")
A40: Ⅵ . 영 업 외 수 익 | B40: =IFERROR(INDEX(기간별손익계산서!$B:$B,MATCH($O40,기간별손익계산서!$Q:$Q,0)),0) | C40: =IFERROR(INDEX(기간별손익계산서!$C:$N,MATCH($O40,기간별손익계산서!$Q:$Q,0),1),0) | D40: =IFERROR(INDEX(기간별손익계산서!$C:$N,MATCH($O40,기간별손익계산서!$Q:$Q,0),2),0) | E40: =IFERROR(INDEX(기간별손익계산서!$C:$N,MATCH($O40,기간별손익계산서!$Q:$Q,0),3),0) | F40: =IFERROR(INDEX(기간별손익계산서!$C:$N,MATCH($O40,기간별손익계산서!$Q:$Q,0),4),0) | G40: =IFERROR(INDEX(기간별손익계산서!$C:$N,MATCH($O40,기간별손익계산서!$Q:$Q,0),5),0) | H40: =IFERROR(INDEX(기간별손익계산서!$C:$N,MATCH($O40,기간별손익계산서!$Q:$Q,0),6),0) | I40: =IFERROR(INDEX(기간별손익계산서!$C:$N,MATCH($O40,기간별손익계산서!$Q:$Q,0),MONTH(EOMONTH(인덱스!$K$1,-1))),0) | J40: =IFERROR(INDEX(기간별손익계산서!$C:$N,MATCH($O40,기간별손익계산서!$Q:$Q,0),MONTH(인덱스!$K$1)),0) | K40: =J40-I40 | L40: =IF(J40-I40>0,"증가",IF(J40-I40=0,"변동없음","감소")) | N40: =SUBSTITUTE(A40," ","") | O40: =N40&"|"&COUNTIF($N$7:N40,N40) | P40: =IF($A40="","",IF(ISNUMBER(MATCH($O40,기간별손익계산서!$Q:$Q,0)),"✓ 일치","⚠ 확인필요")) | Q40: =IFERROR(IF(I40=0,"",(J40-I40)/ABS(I40)),"")
A41: 이 자 수 익 | B41: =IFERROR(INDEX(기간별손익계산서!$B:$B,MATCH($O41,기간별손익계산서!$Q:$Q,0)),0) | C41: =IFERROR(INDEX(기간별손익계산서!$C:$N,MATCH($O41,기간별손익계산서!$Q:$Q,0),1),0) | D41: =IFERROR(INDEX(기간별손익계산서!$C:$N,MATCH($O41,기간별손익계산서!$Q:$Q,0),2),0) | E41: =IFERROR(INDEX(기간별손익계산서!$C:$N,MATCH($O41,기간별손익계산서!$Q:$Q,0),3),0) | F41: =IFERROR(INDEX(기간별손익계산서!$C:$N,MATCH($O41,기간별손익계산서!$Q:$Q,0),4),0) | G41: =IFERROR(INDEX(기간별손익계산서!$C:$N,MATCH($O41,기간별손익계산서!$Q:$Q,0),5),0) | H41: =IFERROR(INDEX(기간별손익계산서!$C:$N,MATCH($O41,기간별손익계산서!$Q:$Q,0),6),0) | I41: =IFERROR(INDEX(기간별손익계산서!$C:$N,MATCH($O41,기간별손익계산서!$Q:$Q,0),MONTH(EOMONTH(인덱스!$K$1,-1))),0) | J41: =IFERROR(INDEX(기간별손익계산서!$C:$N,MATCH($O41,기간별손익계산서!$Q:$Q,0),MONTH(인덱스!$K$1)),0) | K41: =J41-I41 | L41: =IF(J41-I41>0,"증가",IF(J41-I41=0,"변동없음","감소")) | M41: 단기금융상품 이자수익 | N41: =SUBSTITUTE(A41," ","") | O41: =N41&"|"&COUNTIF($N$7:N41,N41) | P41: =IF($A41="","",IF(ISNUMBER(MATCH($O41,기간별손익계산서!$Q:$Q,0)),"✓ 일치","⚠ 확인필요")) | Q41: =IFERROR(IF(I41=0,"",(J41-I41)/ABS(I41)),"")
A42: 외 환 차 익 | B42: =IFERROR(INDEX(기간별손익계산서!$B:$B,MATCH($O42,기간별손익계산서!$Q:$Q,0)),0) | C42: =IFERROR(INDEX(기간별손익계산서!$C:$N,MATCH($O42,기간별손익계산서!$Q:$Q,0),1),0) | D42: =IFERROR(INDEX(기간별손익계산서!$C:$N,MATCH($O42,기간별손익계산서!$Q:$Q,0),2),0) | E42: =IFERROR(INDEX(기간별손익계산서!$C:$N,MATCH($O42,기간별손익계산서!$Q:$Q,0),3),0) | F42: =IFERROR(INDEX(기간별손익계산서!$C:$N,MATCH($O42,기간별손익계산서!$Q:$Q,0),4),0) | G42: =IFERROR(INDEX(기간별손익계산서!$C:$N,MATCH($O42,기간별손익계산서!$Q:$Q,0),5),0) | H42: =IFERROR(INDEX(기간별손익계산서!$C:$N,MATCH($O42,기간별손익계산서!$Q:$Q,0),6),0) | I42: =IFERROR(INDEX(기간별손익계산서!$C:$N,MATCH($O42,기간별손익계산서!$Q:$Q,0),MONTH(EOMONTH(인덱스!$K$1,-1))),0) | J42: =IFERROR(INDEX(기간별손익계산서!$C:$N,MATCH($O42,기간별손익계산서!$Q:$Q,0),MONTH(인덱스!$K$1)),0) | K42: =J42-I42 | L42: =IF(J42-I42>0,"증가",IF(J42-I42=0,"변동없음","감소")) | N42: =SUBSTITUTE(A42," ","") | O42: =N42&"|"&COUNTIF($N$7:N42,N42) | P42: =IF($A42="","",IF(ISNUMBER(MATCH($O42,기간별손익계산서!$Q:$Q,0)),"✓ 일치","⚠ 확인필요")) | Q42: =IFERROR(IF(I42=0,"",(J42-I42)/ABS(I42)),"")
A43: 유형자산 처분이익 | B43: =IFERROR(INDEX(기간별손익계산서!$B:$B,MATCH($O43,기간별손익계산서!$Q:$Q,0)),0) | C43: =IFERROR(INDEX(기간별손익계산서!$C:$N,MATCH($O43,기간별손익계산서!$Q:$Q,0),1),0) | D43: =IFERROR(INDEX(기간별손익계산서!$C:$N,MATCH($O43,기간별손익계산서!$Q:$Q,0),2),0) | E43: =IFERROR(INDEX(기간별손익계산서!$C:$N,MATCH($O43,기간별손익계산서!$Q:$Q,0),3),0) | F43: =IFERROR(INDEX(기간별손익계산서!$C:$N,MATCH($O43,기간별손익계산서!$Q:$Q,0),4),0) | G43: =IFERROR(INDEX(기간별손익계산서!$C:$N,MATCH($O43,기간별손익계산서!$Q:$Q,0),5),0) | H43: =IFERROR(INDEX(기간별손익계산서!$C:$N,MATCH($O43,기간별손익계산서!$Q:$Q,0),6),0) | I43: =IFERROR(INDEX(기간별손익계산서!$C:$N,MATCH($O43,기간별손익계산서!$Q:$Q,0),MONTH(EOMONTH(인덱스!$K$1,-1))),0) | J43: =IFERROR(INDEX(기간별손익계산서!$C:$N,MATCH($O43,기간별손익계산서!$Q:$Q,0),MONTH(인덱스!$K$1)),0) | K43: =J43-I43 | L43: =IF(J43-I43>0,"증가",IF(J43-I43=0,"변동없음","감소")) | N43: =SUBSTITUTE(A43," ","") | O43: =N43&"|"&COUNTIF($N$7:N43,N43) | P43: =IF($A43="","",IF(ISNUMBER(MATCH($O43,기간별손익계산서!$Q:$Q,0)),"✓ 일치","⚠ 확인필요")) | Q43: =IFERROR(IF(I43=0,"",(J43-I43)/ABS(I43)),"")
A44: 투자자산 처분이익 | B44: =IFERROR(INDEX(기간별손익계산서!$B:$B,MATCH($O44,기간별손익계산서!$Q:$Q,0)),0) | C44: =IFERROR(INDEX(기간별손익계산서!$C:$N,MATCH($O44,기간별손익계산서!$Q:$Q,0),1),0) | D44: =IFERROR(INDEX(기간별손익계산서!$C:$N,MATCH($O44,기간별손익계산서!$Q:$Q,0),2),0) | E44: =IFERROR(INDEX(기간별손익계산서!$C:$N,MATCH($O44,기간별손익계산서!$Q:$Q,0),3),0) | F44: =IFERROR(INDEX(기간별손익계산서!$C:$N,MATCH($O44,기간별손익계산서!$Q:$Q,0),4),0) | G44: =IFERROR(INDEX(기간별손익계산서!$C:$N,MATCH($O44,기간별손익계산서!$Q:$Q,0),5),0) | H44: =IFERROR(INDEX(기간별손익계산서!$C:$N,MATCH($O44,기간별손익계산서!$Q:$Q,0),6),0) | I44: =IFERROR(INDEX(기간별손익계산서!$C:$N,MATCH($O44,기간별손익계산서!$Q:$Q,0),MONTH(EOMONTH(인덱스!$K$1,-1))),0) | J44: =IFERROR(INDEX(기간별손익계산서!$C:$N,MATCH($O44,기간별손익계산서!$Q:$Q,0),MONTH(인덱스!$K$1)),0) | K44: =J44-I44 | L44: =IF(J44-I44>0,"증가",IF(J44-I44=0,"변동없음","감소")) | N44: =SUBSTITUTE(A44," ","") | O44: =N44&"|"&COUNTIF($N$7:N44,N44) | P44: =IF($A44="","",IF(ISNUMBER(MATCH($O44,기간별손익계산서!$Q:$Q,0)),"✓ 일치","⚠ 확인필요")) | Q44: =IFERROR(IF(I44=0,"",(J44-I44)/ABS(I44)),"")
A45: 잡 이 익 | B45: =IFERROR(INDEX(기간별손익계산서!$B:$B,MATCH($O45,기간별손익계산서!$Q:$Q,0)),0) | C45: =IFERROR(INDEX(기간별손익계산서!$C:$N,MATCH($O45,기간별손익계산서!$Q:$Q,0),1),0) | D45: =IFERROR(INDEX(기간별손익계산서!$C:$N,MATCH($O45,기간별손익계산서!$Q:$Q,0),2),0) | E45: =IFERROR(INDEX(기간별손익계산서!$C:$N,MATCH($O45,기간별손익계산서!$Q:$Q,0),3),0) | F45: =IFERROR(INDEX(기간별손익계산서!$C:$N,MATCH($O45,기간별손익계산서!$Q:$Q,0),4),0) | G45: =IFERROR(INDEX(기간별손익계산서!$C:$N,MATCH($O45,기간별손익계산서!$Q:$Q,0),5),0) | H45: =IFERROR(INDEX(기간별손익계산서!$C:$N,MATCH($O45,기간별손익계산서!$Q:$Q,0),6),0) | I45: =IFERROR(INDEX(기간별손익계산서!$C:$N,MATCH($O45,기간별손익계산서!$Q:$Q,0),MONTH(EOMONTH(인덱스!$K$1,-1))),0) | J45: =IFERROR(INDEX(기간별손익계산서!$C:$N,MATCH($O45,기간별손익계산서!$Q:$Q,0),MONTH(인덱스!$K$1)),0) | K45: =J45-I45 | L45: =IF(J45-I45>0,"증가",IF(J45-I45=0,"변동없음","감소")) | M45: 단기대여금이자(윤인희)외 | N45: =SUBSTITUTE(A45," ","") | O45: =N45&"|"&COUNTIF($N$7:N45,N45) | P45: =IF($A45="","",IF(ISNUMBER(MATCH($O45,기간별손익계산서!$Q:$Q,0)),"✓ 일치","⚠ 확인필요")) | Q45: =IFERROR(IF(I45=0,"",(J45-I45)/ABS(I45)),"")
A46: Ⅶ . 영 업 외 비 용 | B46: =IFERROR(INDEX(기간별손익계산서!$B:$B,MATCH($O46,기간별손익계산서!$Q:$Q,0)),0) | C46: =IFERROR(INDEX(기간별손익계산서!$C:$N,MATCH($O46,기간별손익계산서!$Q:$Q,0),1),0) | D46: =IFERROR(INDEX(기간별손익계산서!$C:$N,MATCH($O46,기간별손익계산서!$Q:$Q,0),2),0) | E46: =IFERROR(INDEX(기간별손익계산서!$C:$N,MATCH($O46,기간별손익계산서!$Q:$Q,0),3),0) | F46: =IFERROR(INDEX(기간별손익계산서!$C:$N,MATCH($O46,기간별손익계산서!$Q:$Q,0),4),0) | G46: =IFERROR(INDEX(기간별손익계산서!$C:$N,MATCH($O46,기간별손익계산서!$Q:$Q,0),5),0) | H46: =IFERROR(INDEX(기간별손익계산서!$C:$N,MATCH($O46,기간별손익계산서!$Q:$Q,0),6),0) | I46: =IFERROR(INDEX(기간별손익계산서!$C:$N,MATCH($O46,기간별손익계산서!$Q:$Q,0),MONTH(EOMONTH(인덱스!$K$1,-1))),0) | J46: =IFERROR(INDEX(기간별손익계산서!$C:$N,MATCH($O46,기간별손익계산서!$Q:$Q,0),MONTH(인덱스!$K$1)),0) | K46: =J46-I46 | L46: =IF(J46-I46>0,"증가",IF(J46-I46=0,"변동없음","감소")) | N46: =SUBSTITUTE(A46," ","") | O46: =N46&"|"&COUNTIF($N$7:N46,N46) | P46: =IF($A46="","",IF(ISNUMBER(MATCH($O46,기간별손익계산서!$Q:$Q,0)),"✓ 일치","⚠ 확인필요")) | Q46: =IFERROR(IF(I46=0,"",(J46-I46)/ABS(I46)),"")
A47: 이 자 비 용 | B47: =IFERROR(INDEX(기간별손익계산서!$B:$B,MATCH($O47,기간별손익계산서!$Q:$Q,0)),0) | C47: =IFERROR(INDEX(기간별손익계산서!$C:$N,MATCH($O47,기간별손익계산서!$Q:$Q,0),1),0) | D47: =IFERROR(INDEX(기간별손익계산서!$C:$N,MATCH($O47,기간별손익계산서!$Q:$Q,0),2),0) | E47: =IFERROR(INDEX(기간별손익계산서!$C:$N,MATCH($O47,기간별손익계산서!$Q:$Q,0),3),0) | F47: =IFERROR(INDEX(기간별손익계산서!$C:$N,MATCH($O47,기간별손익계산서!$Q:$Q,0),4),0) | G47: =IFERROR(INDEX(기간별손익계산서!$C:$N,MATCH($O47,기간별손익계산서!$Q:$Q,0),5),0) | H47: =IFERROR(INDEX(기간별손익계산서!$C:$N,MATCH($O47,기간별손익계산서!$Q:$Q,0),6),0) | I47: =IFERROR(INDEX(기간별손익계산서!$C:$N,MATCH($O47,기간별손익계산서!$Q:$Q,0),MONTH(EOMONTH(인덱스!$K$1,-1))),0) | J47: =IFERROR(INDEX(기간별손익계산서!$C:$N,MATCH($O47,기간별손익계산서!$Q:$Q,0),MONTH(인덱스!$K$1)),0) | K47: =J47-I47 | L47: =IF(J47-I47>0,"증가",IF(J47-I47=0,"변동없음","감소")) | N47: =SUBSTITUTE(A47," ","") | O47: =N47&"|"&COUNTIF($N$7:N47,N47) | P47: =IF($A47="","",IF(ISNUMBER(MATCH($O47,기간별손익계산서!$Q:$Q,0)),"✓ 일치","⚠ 확인필요")) | Q47: =IFERROR(IF(I47=0,"",(J47-I47)/ABS(I47)),"")
A48: 외 환 차 손 | B48: =IFERROR(INDEX(기간별손익계산서!$B:$B,MATCH($O48,기간별손익계산서!$Q:$Q,0)),0) | C48: =IFERROR(INDEX(기간별손익계산서!$C:$N,MATCH($O48,기간별손익계산서!$Q:$Q,0),1),0) | D48: =IFERROR(INDEX(기간별손익계산서!$C:$N,MATCH($O48,기간별손익계산서!$Q:$Q,0),2),0) | E48: =IFERROR(INDEX(기간별손익계산서!$C:$N,MATCH($O48,기간별손익계산서!$Q:$Q,0),3),0) | F48: =IFERROR(INDEX(기간별손익계산서!$C:$N,MATCH($O48,기간별손익계산서!$Q:$Q,0),4),0) | G48: =IFERROR(INDEX(기간별손익계산서!$C:$N,MATCH($O48,기간별손익계산서!$Q:$Q,0),5),0) | H48: =IFERROR(INDEX(기간별손익계산서!$C:$N,MATCH($O48,기간별손익계산서!$Q:$Q,0),6),0) | I48: =IFERROR(INDEX(기간별손익계산서!$C:$N,MATCH($O48,기간별손익계산서!$Q:$Q,0),MONTH(EOMONTH(인덱스!$K$1,-1))),0) | J48: =IFERROR(INDEX(기간별손익계산서!$C:$N,MATCH($O48,기간별손익계산서!$Q:$Q,0),MONTH(인덱스!$K$1)),0) | K48: =J48-I48 | L48: =IF(J48-I48>0,"증가",IF(J48-I48=0,"변동없음","감소")) | N48: =SUBSTITUTE(A48," ","") | O48: =N48&"|"&COUNTIF($N$7:N48,N48) | P48: =IF($A48="","",IF(ISNUMBER(MATCH($O48,기간별손익계산서!$Q:$Q,0)),"✓ 일치","⚠ 확인필요")) | Q48: =IFERROR(IF(I48=0,"",(J48-I48)/ABS(I48)),"")
A49: 유형자산 처분손실 | B49: =IFERROR(INDEX(기간별손익계산서!$B:$B,MATCH($O49,기간별손익계산서!$Q:$Q,0)),0) | C49: =IFERROR(INDEX(기간별손익계산서!$C:$N,MATCH($O49,기간별손익계산서!$Q:$Q,0),1),0) | D49: =IFERROR(INDEX(기간별손익계산서!$C:$N,MATCH($O49,기간별손익계산서!$Q:$Q,0),2),0) | E49: =IFERROR(INDEX(기간별손익계산서!$C:$N,MATCH($O49,기간별손익계산서!$Q:$Q,0),3),0) | F49: =IFERROR(INDEX(기간별손익계산서!$C:$N,MATCH($O49,기간별손익계산서!$Q:$Q,0),4),0) | G49: =IFERROR(INDEX(기간별손익계산서!$C:$N,MATCH($O49,기간별손익계산서!$Q:$Q,0),5),0) | H49: =IFERROR(INDEX(기간별손익계산서!$C:$N,MATCH($O49,기간별손익계산서!$Q:$Q,0),6),0) | I49: =IFERROR(INDEX(기간별손익계산서!$C:$N,MATCH($O49,기간별손익계산서!$Q:$Q,0),MONTH(EOMONTH(인덱스!$K$1,-1))),0) | J49: =IFERROR(INDEX(기간별손익계산서!$C:$N,MATCH($O49,기간별손익계산서!$Q:$Q,0),MONTH(인덱스!$K$1)),0) | K49: =J49-I49 | L49: =IF(J49-I49>0,"증가",IF(J49-I49=0,"변동없음","감소")) | N49: =SUBSTITUTE(A49," ","") | O49: =N49&"|"&COUNTIF($N$7:N49,N49) | P49: =IF($A49="","",IF(ISNUMBER(MATCH($O49,기간별손익계산서!$Q:$Q,0)),"✓ 일치","⚠ 확인필요")) | Q49: =IFERROR(IF(I49=0,"",(J49-I49)/ABS(I49)),"")
A50: 잡 손 실 | B50: =IFERROR(INDEX(기간별손익계산서!$B:$B,MATCH($O50,기간별손익계산서!$Q:$Q,0)),0) | C50: =IFERROR(INDEX(기간별손익계산서!$C:$N,MATCH($O50,기간별손익계산서!$Q:$Q,0),1),0) | D50: =IFERROR(INDEX(기간별손익계산서!$C:$N,MATCH($O50,기간별손익계산서!$Q:$Q,0),2),0) | E50: =IFERROR(INDEX(기간별손익계산서!$C:$N,MATCH($O50,기간별손익계산서!$Q:$Q,0),3),0) | F50: =IFERROR(INDEX(기간별손익계산서!$C:$N,MATCH($O50,기간별손익계산서!$Q:$Q,0),4),0) | G50: =IFERROR(INDEX(기간별손익계산서!$C:$N,MATCH($O50,기간별손익계산서!$Q:$Q,0),5),0) | H50: =IFERROR(INDEX(기간별손익계산서!$C:$N,MATCH($O50,기간별손익계산서!$Q:$Q,0),6),0) | I50: =IFERROR(INDEX(기간별손익계산서!$C:$N,MATCH($O50,기간별손익계산서!$Q:$Q,0),MONTH(EOMONTH(인덱스!$K$1,-1))),0) | J50: =IFERROR(INDEX(기간별손익계산서!$C:$N,MATCH($O50,기간별손익계산서!$Q:$Q,0),MONTH(인덱스!$K$1)),0) | K50: =J50-I50 | L50: =IF(J50-I50>0,"증가",IF(J50-I50=0,"변동없음","감소")) | N50: =SUBSTITUTE(A50," ","") | O50: =N50&"|"&COUNTIF($N$7:N50,N50) | P50: =IF($A50="","",IF(ISNUMBER(MATCH($O50,기간별손익계산서!$Q:$Q,0)),"✓ 일치","⚠ 확인필요")) | Q50: =IFERROR(IF(I50=0,"",(J50-I50)/ABS(I50)),"")
A51: 법 인 세 추 납 액 | B51: =IFERROR(INDEX(기간별손익계산서!$B:$B,MATCH($O51,기간별손익계산서!$Q:$Q,0)),0) | C51: =IFERROR(INDEX(기간별손익계산서!$C:$N,MATCH($O51,기간별손익계산서!$Q:$Q,0),1),0) | D51: =IFERROR(INDEX(기간별손익계산서!$C:$N,MATCH($O51,기간별손익계산서!$Q:$Q,0),2),0) | E51: =IFERROR(INDEX(기간별손익계산서!$C:$N,MATCH($O51,기간별손익계산서!$Q:$Q,0),3),0) | F51: =IFERROR(INDEX(기간별손익계산서!$C:$N,MATCH($O51,기간별손익계산서!$Q:$Q,0),4),0) | G51: =IFERROR(INDEX(기간별손익계산서!$C:$N,MATCH($O51,기간별손익계산서!$Q:$Q,0),5),0) | H51: =IFERROR(INDEX(기간별손익계산서!$C:$N,MATCH($O51,기간별손익계산서!$Q:$Q,0),6),0) | I51: =IFERROR(INDEX(기간별손익계산서!$C:$N,MATCH($O51,기간별손익계산서!$Q:$Q,0),MONTH(EOMONTH(인덱스!$K$1,-1))),0) | J51: =IFERROR(INDEX(기간별손익계산서!$C:$N,MATCH($O51,기간별손익계산서!$Q:$Q,0),MONTH(인덱스!$K$1)),0) | K51: =J51-I51 | L51: =IF(J51-I51>0,"증가",IF(J51-I51=0,"변동없음","감소")) | N51: =SUBSTITUTE(A51," ","") | O51: =N51&"|"&COUNTIF($N$7:N51,N51) | P51: =IF($A51="","",IF(ISNUMBER(MATCH($O51,기간별손익계산서!$Q:$Q,0)),"✓ 일치","⚠ 확인필요")) | Q51: =IFERROR(IF(I51=0,"",(J51-I51)/ABS(I51)),"")
A52: Ⅷ . 법인세비용차감전순이익 | B52: =IFERROR(INDEX(기간별손익계산서!$B:$B,MATCH($O52,기간별손익계산서!$Q:$Q,0)),0) | C52: =IFERROR(INDEX(기간별손익계산서!$C:$N,MATCH($O52,기간별손익계산서!$Q:$Q,0),1),0) | D52: =IFERROR(INDEX(기간별손익계산서!$C:$N,MATCH($O52,기간별손익계산서!$Q:$Q,0),2),0) | E52: =IFERROR(INDEX(기간별손익계산서!$C:$N,MATCH($O52,기간별손익계산서!$Q:$Q,0),3),0) | F52: =IFERROR(INDEX(기간별손익계산서!$C:$N,MATCH($O52,기간별손익계산서!$Q:$Q,0),4),0) | G52: =IFERROR(INDEX(기간별손익계산서!$C:$N,MATCH($O52,기간별손익계산서!$Q:$Q,0),5),0) | H52: =IFERROR(INDEX(기간별손익계산서!$C:$N,MATCH($O52,기간별손익계산서!$Q:$Q,0),6),0) | I52: =IFERROR(INDEX(기간별손익계산서!$C:$N,MATCH($O52,기간별손익계산서!$Q:$Q,0),MONTH(EOMONTH(인덱스!$K$1,-1))),0) | J52: =IFERROR(INDEX(기간별손익계산서!$C:$N,MATCH($O52,기간별손익계산서!$Q:$Q,0),MONTH(인덱스!$K$1)),0) | K52: =J52-I52 | L52: =IF(J52-I52>0,"증가",IF(J52-I52=0,"변동없음","감소")) | N52: =SUBSTITUTE(A52," ","") | O52: =N52&"|"&COUNTIF($N$7:N52,N52) | P52: =IF($A52="","",IF(ISNUMBER(MATCH($O52,기간별손익계산서!$Q:$Q,0)),"✓ 일치","⚠ 확인필요")) | Q52: =IFERROR(IF(I52=0,"",(J52-I52)/ABS(I52)),"")
A53: Ⅸ . 법 인 세 비 용 | B53: =IFERROR(INDEX(기간별손익계산서!$B:$B,MATCH($O53,기간별손익계산서!$Q:$Q,0)),0) | C53: =IFERROR(INDEX(기간별손익계산서!$C:$N,MATCH($O53,기간별손익계산서!$Q:$Q,0),1),0) | D53: =IFERROR(INDEX(기간별손익계산서!$C:$N,MATCH($O53,기간별손익계산서!$Q:$Q,0),2),0) | E53: =IFERROR(INDEX(기간별손익계산서!$C:$N,MATCH($O53,기간별손익계산서!$Q:$Q,0),3),0) | F53: =IFERROR(INDEX(기간별손익계산서!$C:$N,MATCH($O53,기간별손익계산서!$Q:$Q,0),4),0) | G53: =IFERROR(INDEX(기간별손익계산서!$C:$N,MATCH($O53,기간별손익계산서!$Q:$Q,0),5),0) | H53: =IFERROR(INDEX(기간별손익계산서!$C:$N,MATCH($O53,기간별손익계산서!$Q:$Q,0),6),0) | I53: =IFERROR(INDEX(기간별손익계산서!$C:$N,MATCH($O53,기간별손익계산서!$Q:$Q,0),MONTH(EOMONTH(인덱스!$K$1,-1))),0) | J53: =IFERROR(INDEX(기간별손익계산서!$C:$N,MATCH($O53,기간별손익계산서!$Q:$Q,0),MONTH(인덱스!$K$1)),0) | K53: =J53-I53 | L53: =IF(J53-I53>0,"증가",IF(J53-I53=0,"변동없음","감소")) | N53: =SUBSTITUTE(A53," ","") | O53: =N53&"|"&COUNTIF($N$7:N53,N53) | P53: =IF($A53="","",IF(ISNUMBER(MATCH($O53,기간별손익계산서!$Q:$Q,0)),"✓ 일치","⚠ 확인필요")) | Q53: =IFERROR(IF(I53=0,"",(J53-I53)/ABS(I53)),"")
A54: 법 인 세 등 | B54: =IFERROR(INDEX(기간별손익계산서!$B:$B,MATCH($O54,기간별손익계산서!$Q:$Q,0)),0) | C54: =IFERROR(INDEX(기간별손익계산서!$C:$N,MATCH($O54,기간별손익계산서!$Q:$Q,0),1),0) | D54: =IFERROR(INDEX(기간별손익계산서!$C:$N,MATCH($O54,기간별손익계산서!$Q:$Q,0),2),0) | E54: =IFERROR(INDEX(기간별손익계산서!$C:$N,MATCH($O54,기간별손익계산서!$Q:$Q,0),3),0) | F54: =IFERROR(INDEX(기간별손익계산서!$C:$N,MATCH($O54,기간별손익계산서!$Q:$Q,0),4),0) | G54: =IFERROR(INDEX(기간별손익계산서!$C:$N,MATCH($O54,기간별손익계산서!$Q:$Q,0),5),0) | H54: =IFERROR(INDEX(기간별손익계산서!$C:$N,MATCH($O54,기간별손익계산서!$Q:$Q,0),6),0) | I54: =IFERROR(INDEX(기간별손익계산서!$C:$N,MATCH($O54,기간별손익계산서!$Q:$Q,0),MONTH(EOMONTH(인덱스!$K$1,-1))),0) | J54: =IFERROR(INDEX(기간별손익계산서!$C:$N,MATCH($O54,기간별손익계산서!$Q:$Q,0),MONTH(인덱스!$K$1)),0) | K54: =J54-I54 | L54: =IF(J54-I54>0,"증가",IF(J54-I54=0,"변동없음","감소")) | N54: =SUBSTITUTE(A54," ","") | O54: =N54&"|"&COUNTIF($N$7:N54,N54) | P54: =IF($A54="","",IF(ISNUMBER(MATCH($O54,기간별손익계산서!$Q:$Q,0)),"✓ 일치","⚠ 확인필요")) | Q54: =IFERROR(IF(I54=0,"",(J54-I54)/ABS(I54)),"")
A55: Ⅹ . 당 기 순 이 익 | B55: =IFERROR(INDEX(기간별손익계산서!$B:$B,MATCH($O55,기간별손익계산서!$Q:$Q,0)),0) | C55: =IFERROR(INDEX(기간별손익계산서!$C:$N,MATCH($O55,기간별손익계산서!$Q:$Q,0),1),0) | D55: =IFERROR(INDEX(기간별손익계산서!$C:$N,MATCH($O55,기간별손익계산서!$Q:$Q,0),2),0) | E55: =IFERROR(INDEX(기간별손익계산서!$C:$N,MATCH($O55,기간별손익계산서!$Q:$Q,0),3),0) | F55: =IFERROR(INDEX(기간별손익계산서!$C:$N,MATCH($O55,기간별손익계산서!$Q:$Q,0),4),0) | G55: =IFERROR(INDEX(기간별손익계산서!$C:$N,MATCH($O55,기간별손익계산서!$Q:$Q,0),5),0) | H55: =IFERROR(INDEX(기간별손익계산서!$C:$N,MATCH($O55,기간별손익계산서!$Q:$Q,0),6),0) | I55: =IFERROR(INDEX(기간별손익계산서!$C:$N,MATCH($O55,기간별손익계산서!$Q:$Q,0),MONTH(EOMONTH(인덱스!$K$1,-1))),0) | J55: =IFERROR(INDEX(기간별손익계산서!$C:$N,MATCH($O55,기간별손익계산서!$Q:$Q,0),MONTH(인덱스!$K$1)),0) | K55: =J55-I55 | L55: =IF(J55-I55>0,"증가",IF(J55-I55=0,"변동없음","감소")) | N55: =SUBSTITUTE(A55," ","") | O55: =N55&"|"&COUNTIF($N$7:N55,N55) | P55: =IF($A55="","",IF(ISNUMBER(MATCH($O55,기간별손익계산서!$Q:$Q,0)),"✓ 일치","⚠ 확인필요")) | Q55: =IFERROR(IF(I55=0,"",(J55-I55)/ABS(I55)),"")

Sheet 재무상태표
A1: 과 목 | B1: 제 35 (당)기 | D1: 제 34 (전)기
B2: 금 액 | D2: 금 액
A3: 자 산 | F3: =IF(A3="","",SUBSTITUTE(A3," ","")) | G3: =IF(A3="","",F3&"|"&COUNTIF($F$3:F3,F3))
A4: Ⅰ. 유 동 자 산 | C4: 16,824,297,117 | E4: 16,586,842,935 | F4: =IF(A4="","",SUBSTITUTE(A4," ","")) | G4: =IF(A4="","",F4&"|"&COUNTIF($F$3:F4,F4))
A5: (1) 당 좌 자 산 | C5: 13,960,681,681 | E5: 14,460,731,833 | F5: =IF(A5="","",SUBSTITUTE(A5," ","")) | G5: =IF(A5="","",F5&"|"&COUNTIF($F$3:F5,F5))
A6: 현 금 | C6: 3,244,781 | E6: 6,782,551 | F6: =IF(A6="","",SUBSTITUTE(A6," ","")) | G6: =IF(A6="","",F6&"|"&COUNTIF($F$3:F6,F6))
A7: 보 통 예 금 | C7: 1,660,518,435 | E7: 3,125,443,636 | F7: =IF(A7="","",SUBSTITUTE(A7," ","")) | G7: =IF(A7="","",F7&"|"&COUNTIF($F$3:F7,F7))
A8: 단 기 금 융 상 품 | C8: 6,800,000,000 | E8: 7,100,000,000 | F8: =IF(A8="","",SUBSTITUTE(A8," ","")) | G8: =IF(A8="","",F8&"|"&COUNTIF($F$3:F8,F8))
A9: 외 화 보 통 예 금 | C9: 588,242,162 | E9: 715,753,523 | F9: =IF(A9="","",SUBSTITUTE(A9," ","")) | G9: =IF(A9="","",F9&"|"&COUNTIF($F$3:F9,F9))
A10: 외 상 매 출 금 | B10: 3,642,484,006 | D10: 3,196,105,509 | F10: =IF(A10="","",SUBSTITUTE(A10," ","")) | G10: =IF(A10="","",F10&"|"&COUNTIF($F$3:F10,F10))
A11: 대 손 충 당 금 | B11: 156,987,179 | C11: 3,485,496,827 | D11: 156,987,179 | E11: 3,039,118,330 | F11: =IF(A11="","",SUBSTITUTE(A11," ","")) | G11: =IF(A11="","",F11&"|"&COUNTIF($F$3:F11,F11))
A12: 받 을 어 음 | B12: 55,512,824 | D12: 17,134,890 | F12: =IF(A12="","",SUBSTITUTE(A12," ","")) | G12: =IF(A12="","",F12&"|"&COUNTIF($F$3:F12,F12))
A13: 대 손 충 당 금 | B13: 171,300 | C13: 55,341,524 | D13: 171,300 | E13: 16,963,590 | F13: =IF(A13="","",SUBSTITUTE(A13," ","")) | G13: =IF(A13="","",F13&"|"&COUNTIF($F$3:F13,F13))
A14: 미 수 수 익 | C14: 15,136,465 | E14: 15,136,465 | F14: =IF(A14="","",SUBSTITUTE(A14," ","")) | G14: =IF(A14="","",F14&"|"&COUNTIF($F$3:F14,F14))
A15: 미 수 금 | C15: 253,437,222 | E15: 398,047,074 | F15: =IF(A15="","",SUBSTITUTE(A15," ","")) | G15: =IF(A15="","",F15&"|"&COUNTIF($F$3:F15,F15))
A16: 선 급 금 | C16: 1,000,000 | E16: 1,240,000 | F16: =IF(A16="","",SUBSTITUTE(A16," ","")) | G16: =IF(A16="","",F16&"|"&COUNTIF($F$3:F16,F16))
A17: 선 급 비 용 | C17: 4,048,315 | E17: 9,711,144 | F17: =IF(A17="","",SUBSTITUTE(A17," ","")) | G17: =IF(A17="","",F17&"|"&COUNTIF($F$3:F17,F17))
A18: 가 지 급 금 | C18: 900,032,000 | F18: =IF(A18="","",SUBSTITUTE(A18," ","")) | G18: =IF(A18="","",F18&"|"&COUNTIF($F$3:F18,F18))
A19: 부 가 세 대 급 금 | C19: 176,643,510 | F19: =IF(A19="","",SUBSTITUTE(A19," ","")) | G19: =IF(A19="","",F19&"|"&COUNTIF($F$3:F19,F19))
A20: 선 납 세 금 | C20: 17,540,440 | E20: 32,535,520 | F20: =IF(A20="","",SUBSTITUTE(A20," ","")) | G20: =IF(A20="","",F20&"|"&COUNTIF($F$3:F20,F20))
A21: (2) 재 고 자 산 | C21: 2,863,615,436 | E21: 2,126,111,102 | F21: =IF(A21="","",SUBSTITUTE(A21," ","")) | G21: =IF(A21="","",F21&"|"&COUNTIF($F$3:F21,F21))
A22: 상 품 | C22: 2,863,615,436 | E22: 2,126,111,102 | F22: =IF(A22="","",SUBSTITUTE(A22," ","")) | G22: =IF(A22="","",F22&"|"&COUNTIF($F$3:F22,F22))
A23: Ⅱ. 비 유 동 자 산 | C23: 4,059,473,199 | E23: 4,055,552,394 | F23: =IF(A23="","",SUBSTITUTE(A23," ","")) | G23: =IF(A23="","",F23&"|"&COUNTIF($F$3:F23,F23))
A24: (1) 투 자 자 산 | C24: 28,125,000 | E24: 28,125,000 | F24: =IF(A24="","",SUBSTITUTE(A24," ","")) | G24: =IF(A24="","",F24&"|"&COUNTIF($F$3:F24,F24))
A25: 매 도 가 능 증 권 | C25: 28,125,000 | E25: 28,125,000 | F25: =IF(A25="","",SUBSTITUTE(A25," ","")) | G25: =IF(A25="","",F25&"|"&COUNTIF($F$3:F25,F25))
A26: (2) 유 형 자 산 | C26: 3,362,652,339 | E26: 3,358,731,534 | F26: =IF(A26="","",SUBSTITUTE(A26," ","")) | G26: =IF(A26="","",F26&"|"&COUNTIF($F$3:F26,F26))
A27: 토 지 | C27: 2,542,043,170 | E27: 2,542,043,170 | F27: =IF(A27="","",SUBSTITUTE(A27," ","")) | G27: =IF(A27="","",F27&"|"&COUNTIF($F$3:F27,F27))
A28: 건 물 | B28: 877,003,320 | D28: 877,003,320 | F28: =IF(A28="","",SUBSTITUTE(A28," ","")) | G28: =IF(A28="","",F28&"|"&COUNTIF($F$3:F28,F28))
A29: 감가 상각 누 계 액 | B29: 255,647,445 | C29: 621,355,875 | D29: 242,857,808 | E29: 634,145,512 | F29: =IF(A29="","",SUBSTITUTE(A29," ","")) | G29: =IF(A29="","",F29&"|"&COUNTIF($F$3:F29,F29))
A30: 기 계 장 치 | B30: 47,784,000 | D30: 47,784,000 | F30: =IF(A30="","",SUBSTITUTE(A30," ","")) | G30: =IF(A30="","",F30&"|"&COUNTIF($F$3:F30,F30))
A31: 감가 상각 누 계 액 | B31: 47,775,000 | C31: 9,000 | D31: 47,775,000 | E31: 9,000 | F31: =IF(A31="","",SUBSTITUTE(A31," ","")) | G31: =IF(A31="","",F31&"|"&COUNTIF($F$3:F31,F31))
A32: 차 량 운 반 구 | B32: 921,090,734 | D32: 899,846,520 | F32: =IF(A32="","",SUBSTITUTE(A32," ","")) | G32: =IF(A32="","",F32&"|"&COUNTIF($F$3:F32,F32))
A33: 감가 상각 누 계 액 | B33: 726,391,724 | C33: 194,699,010 | D33: 723,464,949 | E33: 176,381,571 | F33: =IF(A33="","",SUBSTITUTE(A33," ","")) | G33: =IF(A33="","",F33&"|"&COUNTIF($F$3:F33,F33))
A34: 비 품 | B34: 223,445,463 | D34: 223,445,463 | F34: =IF(A34="","",SUBSTITUTE(A34," ","")) | G34: =IF(A34="","",F34&"|"&COUNTIF($F$3:F34,F34))
A35: 감가 상각 누 계 액 | B35: 218,900,179 | C35: 4,545,284 | D35: 217,293,182 | E35: 6,152,281 | F35: =IF(A35="","",SUBSTITUTE(A35," ","")) | G35: =IF(A35="","",F35&"|"&COUNTIF($F$3:F35,F35))
A36: (3) 무 형 자 산 | F36: =IF(A36="","",SUBSTITUTE(A36," ","")) | G36: =IF(A36="","",F36&"|"&COUNTIF($F$3:F36,F36))
A37: (4) 기타 비유동자산 | C37: 668,695,860 | E37: 668,695,860 | F37: =IF(A37="","",SUBSTITUTE(A37," ","")) | G37: =IF(A37="","",F37&"|"&COUNTIF($F$3:F37,F37))
A38: 임 차 보 증 금 | C38: 140,000,000 | E38: 140,000,000 | F38: =IF(A38="","",SUBSTITUTE(A38," ","")) | G38: =IF(A38="","",F38&"|"&COUNTIF($F$3:F38,F38))
A39: 기 타 보 증 금 | C39: 528,095,860 | E39: 528,095,860 | F39: =IF(A39="","",SUBSTITUTE(A39," ","")) | G39: =IF(A39="","",F39&"|"&COUNTIF($F$3:F39,F39))
A40: 전신 전화 가 입 권 | C40: 600,000 | E40: 600,000 | F40: =IF(A40="","",SUBSTITUTE(A40," ","")) | G40: =IF(A40="","",F40&"|"&COUNTIF($F$3:F40,F40))
A41: 자 산 총 계 | C41: 20,883,770,316 | E41: 20,642,395,329 | F41: =IF(A41="","",SUBSTITUTE(A41," ","")) | G41: =IF(A41="","",F41&"|"&COUNTIF($F$3:F41,F41))
A42: 부 채 | F42: =IF(A42="","",SUBSTITUTE(A42," ","")) | G42: =IF(A42="","",F42&"|"&COUNTIF($F$3:F42,F42))
A43: Ⅰ. 유 동 부 채 | C43: 2,135,947,156 | E43: 3,372,146,535 | F43: =IF(A43="","",SUBSTITUTE(A43," ","")) | G43: =IF(A43="","",F43&"|"&COUNTIF($F$3:F43,F43))
A44: 외 상 매 입 금 | C44: 1,572,571,800 | E44: 2,183,714,801 | F44: =IF(A44="","",SUBSTITUTE(A44," ","")) | G44: =IF(A44="","",F44&"|"&COUNTIF($F$3:F44,F44))
A45: 미 지 급 금 | C45: 55,401,086 | E45: 189,842,586 | F45: =IF(A45="","",SUBSTITUTE(A45," ","")) | G45: =IF(A45="","",F45&"|"&COUNTIF($F$3:F45,F45))
A46: 예 수 금 | C46: 28,248,500 | E46: 212,932,480 | F46: =IF(A46="","",SUBSTITUTE(A46," ","")) | G46: =IF(A46="","",F46&"|"&COUNTIF($F$3:F46,F46))
A47: 부 가 세 예 수 금 | C47: 230,664,206 | F47: =IF(A47="","",SUBSTITUTE(A47," ","")) | G47: =IF(A47="","",F47&"|"&COUNTIF($F$3:F47,F47))
A48: 가 수 금 | C48: 43,441,422 | F48: =IF(A48="","",SUBSTITUTE(A48," ","")) | G48: =IF(A48="","",F48&"|"&COUNTIF($F$3:F48,F48))
A49: 선 수 금 | C49: 1,490,000 | E49: 1,490,000 | F49: =IF(A49="","",SUBSTITUTE(A49," ","")) | G49: =IF(A49="","",F49&"|"&COUNTIF($F$3:F49,F49))
A50: 미 지 급 세 금 | E50: 152,398,250 | F50: =IF(A50="","",SUBSTITUTE(A50," ","")) | G50: =IF(A50="","",F50&"|"&COUNTIF($F$3:F50,F50))
A51: 미 지 급 비 용 | C51: 204,130,142 | E51: 631,768,418 | F51: =IF(A51="","",SUBSTITUTE(A51," ","")) | G51: =IF(A51="","",F51&"|"&COUNTIF($F$3:F51,F51))
A52: Ⅱ. 비 유 동 부 채 | C52: -65,700 | E52: 174,190,680 | F52: =IF(A52="","",SUBSTITUTE(A52," ","")) | G52: =IF(A52="","",F52&"|"&COUNTIF($F$3:F52,F52))
A53: 퇴직 급여 충 당 금 | E53: 174,256,380 | F53: =IF(A53="","",SUBSTITUTE(A53," ","")) | G53: =IF(A53="","",F53&"|"&COUNTIF($F$3:F53,F53))
A54: 국민 연금 전 환 금 | C54: -65,700 | E54: -65,700 | F54: =IF(A54="","",SUBSTITUTE(A54," ","")) | G54: =IF(A54="","",F54&"|"&COUNTIF($F$3:F54,F54))
A55: 부 채 총 계 | C55: 2,135,881,456 | E55: 3,546,337,215 | F55: =IF(A55="","",SUBSTITUTE(A55," ","")) | G55: =IF(A55="","",F55&"|"&COUNTIF($F$3:F55,F55))
A56: 자 본 | F56: =IF(A56="","",SUBSTITUTE(A56," ","")) | G56: =IF(A56="","",F56&"|"&COUNTIF($F$3:F56,F56))
A57: Ⅰ. 자 본 금 | C57: 712,500,000 | E57: 712,500,000 | F57: =IF(A57="","",SUBSTITUTE(A57," ","")) | G57: =IF(A57="","",F57&"|"&COUNTIF($F$3:F57,F57))
A58: 자 본 금 | C58: 712,500,000 | E58: 712,500,000 | F58: =IF(A58="","",SUBSTITUTE(A58," ","")) | G58: =IF(A58="","",F58&"|"&COUNTIF($F$3:F58,F58))
A59: Ⅱ. 자 본 잉 여 금 | C59: 3,051,482,755 | E59: 3,051,482,755 | F59: =IF(A59="","",SUBSTITUTE(A59," ","")) | G59: =IF(A59="","",F59&"|"&COUNTIF($F$3:F59,F59))
A60: 주식 발행 초 과 금 | C60: 3,051,482,755 | E60: 3,051,482,755 | F60: =IF(A60="","",SUBSTITUTE(A60," ","")) | G60: =IF(A60="","",F60&"|"&COUNTIF($F$3:F60,F60))
A61: Ⅲ. 자 본 조 정 | F61: =IF(A61="","",SUBSTITUTE(A61," ","")) | G61: =IF(A61="","",F61&"|"&COUNTIF($F$3:F61,F61))
A62: Ⅳ. 기타포괄손익누계액 | F62: =IF(A62="","",SUBSTITUTE(A62," ","")) | G62: =IF(A62="","",F62&"|"&COUNTIF($F$3:F62,F62))
A63: Ⅴ. 이 익 잉 여 금 | C63: 14,983,906,105 | E63: 13,332,075,359 | F63: =IF(A63="","",SUBSTITUTE(A63," ","")) | G63: =IF(A63="","",F63&"|"&COUNTIF($F$3:F63,F63))
A64: 이 익 준 비 금 | C64: 66,000,000 | E64: 46,000,000 | F64: =IF(A64="","",SUBSTITUTE(A64," ","")) | G64: =IF(A64="","",F64&"|"&COUNTIF($F$3:F64,F64))
A65: 미처분 이익 잉여금 | C65: 14,917,906,105 | E65: 13,286,075,359 | F65: =IF(A65="","",SUBSTITUTE(A65," ","")) | G65: =IF(A65="","",F65&"|"&COUNTIF($F$3:F65,F65))
A66: ( 당 기 순 이 익 ) | F66: =IF(A66="","",SUBSTITUTE(A66," ","")) | G66: =IF(A66="","",F66&"|"&COUNTIF($F$3:F66,F66))
A67: 당기 : 1,851,830,746 | F67: =IF(A67="","",SUBSTITUTE(A67," ","")) | G67: =IF(A67="","",F67&"|"&COUNTIF($F$3:F67,F67))
A68: 전기 : 1,412,482,819 | F68: =IF(A68="","",SUBSTITUTE(A68," ","")) | G68: =IF(A68="","",F68&"|"&COUNTIF($F$3:F68,F68))
A69: 자 본 총 계 | C69: 18,747,888,860 | E69: 17,096,058,114 | F69: =IF(A69="","",SUBSTITUTE(A69," ","")) | G69: =IF(A69="","",F69&"|"&COUNTIF($F$3:F69,F69))
A70: 부 채 및 자 본 총 계 | C70: 20,883,770,316 | E70: 20,642,395,329 | F70: =IF(A70="","",SUBSTITUTE(A70," ","")) | G70: =IF(A70="","",F70&"|"&COUNTIF($F$3:F70,F70))

Sheet 기간별손익계산서
A1: 과 목 | B1: 계 | C1: 1월 | D1: 2월 | E1: 3월 | F1: 4월 | G1: 5월 | H1: 6월 | I1: 7월 | J1: 8월 | K1: 9월 | L1: 10월 | M1: 11월 | N1: 12월
A2: Ⅰ . 매 출 액 | B2: 21519965336 | C2: 2735381647 | D2: 2447781972 | E2: 4328182055 | F2: 4152427518 | G2: 2755697515 | H2: 2793851873 | I2: 2306642756 | P2: =IF(A2="","",SUBSTITUTE(A2," ","")) | Q2: =IF(A2="","",P2&"|"&COUNTIF($P$2:P2,P2))
A3: 상 품 매 출 | B3: 21466362478 | C3: 2685863045 | D3: 2447781972 | E3: 4324942055 | F3: 4151583262 | G3: 2755697515 | H3: 2793851873 | I3: 2306642756 | P3: =IF(A3="","",SUBSTITUTE(A3," ","")) | Q3: =IF(A3="","",P3&"|"&COUNTIF($P$2:P3,P3))
A4: 상 품 수 출 매 출 | B4: 53602858 | C4: 49518602 | D4: 0 | E4: 3240000 | F4: 844256 | G4: 0 | H4: 0 | I4: 0 | P4: =IF(A4="","",SUBSTITUTE(A4," ","")) | Q4: =IF(A4="","",P4&"|"&COUNTIF($P$2:P4,P4))
A5: Ⅱ . 매 출 원 가 | B5: 17650813148 | C5: 2239786263 | D5: 1986355221 | E5: 3593571301 | F5: 3504736843 | G5: 2214895735 | H5: 2262213603 | I5: 1849254182 | P5: =IF(A5="","",SUBSTITUTE(A5," ","")) | Q5: =IF(A5="","",P5&"|"&COUNTIF($P$2:P5,P5))
A6: 상 품 매 출 원 가 | B6: 17650813148 | C6: 2239786263 | D6: 1986355221 | E6: 3593571301 | F6: 3504736843 | G6: 2214895735 | H6: 2262213603 | I6: 1849254182 | P6: =IF(A6="","",SUBSTITUTE(A6," ","")) | Q6: =IF(A6="","",P6&"|"&COUNTIF($P$2:P6,P6))
A7: 기초 상품 재고액 | B7: 2126111102 | C7: 2126111102 | D7: 2138504857 | E7: 2234084333 | F7: 2477723821 | G7: 2748658932 | H7: 2688555911 | I7: 2999324483 | P7: =IF(A7="","",SUBSTITUTE(A7," ","")) | Q7: =IF(A7="","",P7&"|"&COUNTIF($P$2:P7,P7))
A8: 당기 상품 매 입 액 | B8: 18479894308 | C8: 2262611475 | D8: 2098036708 | E8: 3842122282 | F8: 3789768692 | G8: 2174085277 | H8: 2581553781 | I8: 1731716093 | P8: =IF(A8="","",SUBSTITUTE(A8," ","")) | Q8: =IF(A8="","",P8&"|"&COUNTIF($P$2:P8,P8))
A9: 매 입 할 인 | B9: 91576826 | C9: 10431457 | D9: 16102011 | E9: 4911493 | F9: 14096738 | G9: 19292563 | H9: 8571606 | I9: 18170958 | P9: =IF(A9="","",SUBSTITUTE(A9," ","")) | Q9: =IF(A9="","",P9&"|"&COUNTIF($P$2:P9,P9))
A10: 기말 상품 재고액 | B10: 2863615436 | C10: 2138504857 | D10: 2234084333 | E10: 2477723821 | F10: 2748658932 | G10: 2688555911 | H10: 2999324483 | I10: 2863615436 | P10: =IF(A10="","",SUBSTITUTE(A10," ","")) | Q10: =IF(A10="","",P10&"|"&COUNTIF($P$2:P10,P10))
A11: Ⅲ . 매 출 총 이 익 | B11: 3869152188 | C11: 495595384 | D11: 461426751 | E11: 734610754 | F11: 647690675 | G11: 540801780 | H11: 531638270 | I11: 457388574 | P11: =IF(A11="","",SUBSTITUTE(A11," ","")) | Q11: =IF(A11="","",P11&"|"&COUNTIF($P$2:P11,P11))
A12: Ⅳ . 판 매 관 리 비 | B12: 2161095954 | C12: 293673138 | D12: 283436039 | E12: 285953340 | F12: 330827620 | G12: 296592907 | H12: 380134204 | I12: 290478706 | P12: =IF(A12="","",SUBSTITUTE(A12," ","")) | Q12: =IF(A12="","",P12&"|"&COUNTIF($P$2:P12,P12))
A13: 직 원 급 여 | B13: 1229848831 | C13: 165116668 | D13: 165116668 | E13: 164298981 | F13: 211035001 | G13: 178361269 | H13: 177293452 | I13: 168626792 | P13: =IF(A13="","",SUBSTITUTE(A13," ","")) | Q13: =IF(A13="","",P13&"|"&COUNTIF($P$2:P13,P13))
... A42: Ⅹ . 당 기 순 이 익 | B42: 1851830746 | C42: 201925702 | D42: 184712819 | E42: 504606614 | F42: 331973441 | G42: 260393962 | H42: 193221709 | I42: 174996499 | P42: =IF(A42="","",SUBSTITUTE(A42," ","")) | Q42: =IF(A42="","",P42&"|"&COUNTIF($P$2:P42,P42))

Sheet 기간별손익계산서(전년동기)
A1: 과 목 | B1: 계 | C1: 1월 | D1: 2월 | E1: 3월 | F1: 4월 | G1: 5월 | H1: 6월 | I1: 7월 | J1: 8월 | K1: 9월 | L1: 10월 | M1: 11월 | N1: 12월
A2: Ⅰ . 매 출 액 | B2: 19689650568 | C2: 2259822004 | D2: 2611620075 | E2: 3088311293 | F2: 3252016356 | G2: 2900947613 | H2: 2811952670 | I2: 2764980557 | O2: =IF(A2="","",SUBSTITUTE(A2," ","")) | P2: =IF(A2="","",O2&"|"&COUNTIF($O$2:O2,O2))
A3: 상 품 매 출 | B3: 19576088228 | C3: 2249949486 | D3: 2611620075 | E3: 2987460975 | F3: 3252016356 | G3: 2898108109 | H3: 2811952670 | I3: 2764980557 | O3: =IF(A3="","",SUBSTITUTE(A3," ","")) | P3: =IF(A3="","",O3&"|"&COUNTIF($O$2:O3,O3))
A4: 상 품 수 출 매 출 | B4: 113562340 | C4: 9872518 | D4: 0 | E4: 100850318 | F4: 0 | G4: 2839504 | H4: 0 | I4: 0 | O4: =IF(A4="","",SUBSTITUTE(A4," ","")) | P4: =IF(A4="","",O4&"|"&COUNTIF($O$2:O4,O4))
A5: Ⅱ . 매 출 원 가 | B5: 16467043458 | C5: 1932310934 | D5: 2202706401 | E5: 2584452050 | F5: 2720044477 | G5: 2408362753 | H5: 2294682196 | I5: 2324484647 | O5: =IF(A5="","",SUBSTITUTE(A5," ","")) | P5: =IF(A5="","",O5&"|"&COUNTIF($O$2:O5,O5))
A6: 상 품 매 출 원 가 | B6: 16467043458 | C6: 1932310934 | D6: 2202706401 | E6: 2584452050 | F6: 2720044477 | G6: 2408362753 | H6: 2294682196 | I6: 2324484647 | O6: =IF(A6="","",SUBSTITUTE(A6," ","")) | P6: =IF(A6="","",O6&"|"&COUNTIF($O$2:O6,O6))
A7: 기초 상품 재고액 | B7: 2098835763 | C7: 2098835763 | D7: 2202511203 | E7: 2199480449 | F7: 2215051462 | G7: 2183380286 | H7: 2098118507 | I7: 2164065867 | O7: =IF(A7="","",SUBSTITUTE(A7," ","")) | P7: =IF(A7="","",O7&"|"&COUNTIF($O$2:O7,O7))
A8: 당기 상품 매 입 액 | B8: 16610240340 | C8: 2046901901 | D8: 2207681760 | E8: 2607090450 | F8: 2698904276 | G8: 2335105851 | H8: 2367296740 | I8: 2347259362 | O8: =IF(A8="","",SUBSTITUTE(A8," ","")) | P8: =IF(A8="","",O8&"|"&COUNTIF($O$2:O8,O8))
A9: 매 입 할 인 | B9: 62693149 | C9: 10915527 | D9: 8006113 | E9: 7067387 | F9: 10530975 | G9: 12004877 | H9: 6667184 | I9: 7501086 | O9: =IF(A9="","",SUBSTITUTE(A9," ","")) | P9: =IF(A9="","",O9&"|"&COUNTIF($O$2:O9,O9))
A10: 기말 상품 재고액 | B10: 2179339496 | C10: 2202511203 | D10: 2199480449 | E10: 2215051462 | F10: 2183380286 | G10: 2098118507 | H10: 2164065867 | I10: 2179339496 | O10: =IF(A10="","",SUBSTITUTE(A10," ","")) | P10: =IF(A10="","",O10&"|"&COUNTIF($O$2:O10,O10))
A11: Ⅲ . 매 출 총 이 익 | B11: 3222607110 | C11: 327511070 | D11: 408913674 | E11: 503859243 | F11: 531971879 | G11: 492584860 | H11: 517270474 | I11: 440495910 | O11: =IF(A11="","",SUBSTITUTE(A11," ","")) | P11: =IF(A11="","",O11&"|"&COUNTIF($O$2:O11,O11))
A12: Ⅳ . 판 매 관 리 비 | B12: 1948634682 | C12: 286769154 | D12: 260263942 | E12: 281123798 | F12: 266372656 | G12: 268138369 | H12: 312221903 | I12: 273744860 | O12: =IF(A12="","",SUBSTITUTE(A12," ","")) | P12: =IF(A12="","",O12&"|"&COUNTIF($O$2:O12,O12))
A13: 직 원 급 여 | B13: 1170857179 | C13: 159934683 | D13: 160558333 | E13: 162139803 | F13: 159965336 | G13: 156225003 | H13: 206817353 | I13: 165216668 | O13: =IF(A13="","",SUBSTITUTE(A13," ","")) | P13: =IF(A13="","",O13&"|"&COUNTIF($O$2:O13,O13))
... A41: Ⅹ . 당 기 순 이 익 | B41: 1344793079 | C41: 40922828 | D41: 148583799 | E41: 230331161 | F41: 281588793 | G41: 229375083 | H41: 213344847 | I41: 200646568 | O41: =IF(A41="","",SUBSTITUTE(A41," ","")) | P41: =IF(A41="","",O41&"|"&COUNTIF($O$2:O41,O41))

Sheet 손익계산서
A1: 과 목 | B1: 제 35 (당)기 | D1: 제 34 (전)기
B2: 금 액 | D2: 금 액
A3: Ⅰ . 매 출 액 | B3: 0 | C3: 21519965336 | D3: 0 | E3: 35759715334 | F3: =IF(A3="","",SUBSTITUTE(A3," ","")) | G3: =IF(A3="","",F3&"|"&COUNTIF($F$3:F3,F3))
A4: 상 품 매 출 | B4: 21466362478 | C4: 0 | D4: 35616332337 | E4: 0 | F4: =IF(A4="","",SUBSTITUTE(A4," ","")) | G4: =IF(A4="","",F4&"|"&COUNTIF($F$3:F4,F4))
A5: 상 품 수 출 매 출 | B5: 53602858 | C5: 0 | D5: 143382997 | E5: 0 | F5: =IF(A5="","",SUBSTITUTE(A5," ","")) | G5: =IF(A5="","",F5&"|"&COUNTIF($F$3:F5,F5))
A6: Ⅱ . 매 출 원 가 | B6: 0 | C6: 17650813148 | D6: 0 | E6: 29846027632 | F6: =IF(A6="","",SUBSTITUTE(A6," ","")) | G6: =IF(A6="","",F6&"|"&COUNTIF($F$3:F6,F6))
A7: 상 품 매 출 원 가 | B7: 0 | C7: 17650813148 | D7: 0 | E7: 29846027632 | F7: =IF(A7="","",SUBSTITUTE(A7," ","")) | G7: =IF(A7="","",F7&"|"&COUNTIF($F$3:F7,F7))
A8: 기초 상품 재고액 | B8: 2126111102 | C8: 0 | D8: 2098835763 | E8: 0 | F8: =IF(A8="","",SUBSTITUTE(A8," ","")) | G8: =IF(A8="","",F8&"|"&COUNTIF($F$3:F8,F8))
A9: 당기 상품 매 입 액 | B9: 18479894308 | C9: 0 | D9: 30036303143 | E9: 0 | F9: =IF(A9="","",SUBSTITUTE(A9," ","")) | G9: =IF(A9="","",F9&"|"&COUNTIF($F$3:F9,F9))
A10: 매 입 할 인 | B10: 91576826 | C10: 0 | D10: 163000172 | E10: 0 | F10: =IF(A10="","",SUBSTITUTE(A10," ","")) | G10: =IF(A10="","",F10&"|"&COUNTIF($F$3:F10,F10))
A11: 기말 상품 재고액 | B11: 2863615436 | C11: 0 | D11: 2126111102 | E11: 0 | F11: =IF(A11="","",SUBSTITUTE(A11," ","")) | G11: =IF(A11="","",F11&"|"&COUNTIF($F$3:F11,F11))
A12: Ⅲ . 매 출 총 이 익 | B12: 0 | C12: 3869152188 | D12: 0 | E12: 5913687702 | F12: =IF(A12="","",SUBSTITUTE(A12," ","")) | G12: =IF(A12="","",F12&"|"&COUNTIF($F$3:F12,F12))
A13: Ⅳ . 판 매 관 리 비 | B13: 0 | C13: 2161095954 | D13: 0 | E13: 4291191892 | F13: =IF(A13="","",SUBSTITUTE(A13," ","")) | G13: =IF(A13="","",F13&"|"&COUNTIF($F$3:F13,F13))
A14: 직 원 급 여 | B14: 1229848831 | C14: 0 | D14: 2060318569 | E14: 0 | F14: =IF(A14="","",SUBSTITUTE(A14," ","")) | G14: =IF(A14="","",F14&"|"&COUNTIF($F$3:F14,F14))
... A48: Ⅹ . 당 기 순 이 익 | B48: 0 | C48: 1851830746 | D48: 0 | E48: 1412482819 | F48: =IF(A48="","",SUBSTITUTE(A48," ","")) | G48: =IF(A48="","",F48&"|"&COUNTIF($F$3:F48,F48))
